PRAGMA foreign_keys=OFF;
BEGIN TRANSACTION;
CREATE TABLE "schema_migrations" ("version" varchar NOT NULL PRIMARY KEY);
INSERT INTO "schema_migrations" VALUES('20160531193008');
INSERT INTO "schema_migrations" VALUES('20160531225303');
INSERT INTO "schema_migrations" VALUES('20160601125722');
INSERT INTO "schema_migrations" VALUES('20160601221227');
INSERT INTO "schema_migrations" VALUES('20160604124227');
INSERT INTO "schema_migrations" VALUES('20160604130425');
INSERT INTO "schema_migrations" VALUES('20160609164805');
INSERT INTO "schema_migrations" VALUES('20160611113622');
INSERT INTO "schema_migrations" VALUES('20160627214255');
INSERT INTO "schema_migrations" VALUES('20160627215825');
INSERT INTO "schema_migrations" VALUES('20160706191614');
INSERT INTO "schema_migrations" VALUES('20160707195406');
INSERT INTO "schema_migrations" VALUES('20160707195825');
INSERT INTO "schema_migrations" VALUES('20160715204329');
INSERT INTO "schema_migrations" VALUES('20160719215004');
INSERT INTO "schema_migrations" VALUES('20160720214237');
INSERT INTO "schema_migrations" VALUES('20160721210629');
INSERT INTO "schema_migrations" VALUES('20160722114044');
INSERT INTO "schema_migrations" VALUES('20170519145451');
INSERT INTO "schema_migrations" VALUES('20170519150555');
INSERT INTO "schema_migrations" VALUES('20170519150639');
INSERT INTO "schema_migrations" VALUES('20170519155919');
INSERT INTO "schema_migrations" VALUES('20170519162403');
INSERT INTO "schema_migrations" VALUES('20170519162505');
INSERT INTO "schema_migrations" VALUES('20161029161021');
INSERT INTO "schema_migrations" VALUES('20160801010529');
INSERT INTO "schema_migrations" VALUES('20170810181933');
INSERT INTO "schema_migrations" VALUES('20180417155300');
INSERT INTO "schema_migrations" VALUES('20180417185701');
INSERT INTO "schema_migrations" VALUES('20180427201851');
INSERT INTO "schema_migrations" VALUES('20180427202607');
INSERT INTO "schema_migrations" VALUES('20180427202650');
INSERT INTO "schema_migrations" VALUES('20180427212210');
INSERT INTO "schema_migrations" VALUES('20180427221724');
INSERT INTO "schema_migrations" VALUES('20180925154100');
INSERT INTO "schema_migrations" VALUES('20181012152050');
INSERT INTO "schema_migrations" VALUES('20181012162413');
INSERT INTO "schema_migrations" VALUES('20181012164245');
INSERT INTO "schema_migrations" VALUES('20181012174906');
INSERT INTO "schema_migrations" VALUES('20181012194117');
CREATE TABLE "ar_internal_metadata" ("key" varchar NOT NULL PRIMARY KEY, "value" varchar, "created_at" datetime NOT NULL, "updated_at" datetime NOT NULL);
INSERT INTO "ar_internal_metadata" VALUES('environment','development','2016-05-31 19:30:32.066343','2016-05-31 19:30:32.066343');
CREATE TABLE "users" ("id" INTEGER PRIMARY KEY AUTOINCREMENT NOT NULL, "email" varchar DEFAULT '' NOT NULL, "encrypted_password" varchar DEFAULT '' NOT NULL, "reset_password_token" varchar, "reset_password_sent_at" datetime, "remember_created_at" datetime, "sign_in_count" integer DEFAULT 0 NOT NULL, "current_sign_in_at" datetime, "last_sign_in_at" datetime, "current_sign_in_ip" varchar, "last_sign_in_ip" varchar, "created_at" datetime NOT NULL, "updated_at" datetime NOT NULL, "username" varchar, "admin" boolean DEFAULT 'f', "authentication_token" varchar);
INSERT INTO "users" VALUES(2,'sjbrunster@gmail.com','$2a$11$6fJ/4hGDLdCJAT4Sgbutf.QWFKifWAar/eOXk.g2RPn3JfxactKpK',NULL,NULL,NULL,124,'2018-11-29 01:23:53.305209','2018-11-27 16:54:49.171496','10.240.0.233','10.240.0.116','2016-06-01 22:44:36.478698','2018-11-29 01:23:53.307579','EsJay','t','UbMcfkPGx4HG6PK3PmCa');
INSERT INTO "users" VALUES(3,'ohschnap@gmail.com','$2a$11$zGA4SvX4VnV5ZWup8QuJ4OtWhNzbpxgfr9poV96Ao4RMBmF2s806i',NULL,NULL,NULL,5,'2018-09-28 19:06:38.755255','2018-09-23 14:31:10.378403','10.240.0.118','10.240.0.207','2016-06-02 01:37:29.151741','2018-09-28 19:06:38.757457','benbruno','f','vpSDbBrH4qh59a9hrazM');
INSERT INTO "users" VALUES(4,'joe@example.com','$2a$11$V9U14bT66B75BfbOsLbet.Es.X8d9LVLnaNVhW5wzqtVhWsONeO3y',NULL,NULL,NULL,8,'2018-04-18 20:05:31.327631','2018-04-18 12:45:16.988149','10.240.1.60','10.240.0.207','2016-06-03 03:54:46.127249','2018-04-18 20:05:31.331560','joe','f','EbyeizW36ziKU6mU8mbz');
INSERT INTO "users" VALUES(5,'sammy.nave@gmail.com','$2a$11$meeQ2mZhj7BzpJdUhXn8HeBwtSUtkzS6WDdTF1HoeD3U/GHFQXLHa','d27cb6c619093ac3dd7a38ae9c2a38ab52c9368ec471c017483f689f381355be','2017-08-27 15:53:43.251944',NULL,2,'2018-09-28 19:47:37.006720','2016-07-06 22:23:08.362256','10.240.0.71','10.240.0.196','2016-07-06 22:23:08.328876','2018-09-28 19:47:37.008528','SammyN','f','os_DAy7csCrDb66zinpR');
INSERT INTO "users" VALUES(6,'scottminkin@gmail.com','$2a$11$/NFReoCkPFYB2ik36u1M0OU7Z2A1dNmw7lrulRFzkdy/fxWOhZMGO',NULL,NULL,NULL,4,'2018-09-28 19:44:26.033998','2016-07-17 14:30:01.976685','10.240.0.68','10.240.0.224','2016-07-06 22:24:06.628870','2018-09-28 19:44:26.037356','Scott','f','yQDke1jz6Pds_kjrvrmC');
INSERT INTO "users" VALUES(7,'jeremy.bohn@gmail.com','$2a$11$w5q7PyO1dvrCyiK13E40berZ3aK060u6JJDCAotfZT3LSKQR4hvRu',NULL,NULL,NULL,2,'2016-07-08 03:35:39.970512','2016-07-06 22:24:43.507313','10.240.0.207','10.240.0.225','2016-07-06 22:24:43.475445','2016-07-08 03:35:39.972021','Jer','f',NULL);
INSERT INTO "users" VALUES(8,'s@n.com','$2a$11$/ITRld6TwTNouHEwbcRbPuouE6AiAijCHkCtncBD6SESK4StwVqTa',NULL,NULL,NULL,1,'2017-08-27 15:54:01.339305','2017-08-27 15:54:01.339305','172.24.0.1','172.24.0.1','2017-08-27 15:54:01.326670','2017-08-27 15:54:01.340417','s','f','qqx-jxC9o3obmsFTjE9H');
CREATE TABLE "articles" ("id" INTEGER PRIMARY KEY AUTOINCREMENT NOT NULL, "title" varchar, "key" varchar, "instrument" varchar, "description" text, "created_at" datetime NOT NULL, "updated_at" datetime NOT NULL, "user_id" integer, "youtube_url" varchar);
INSERT INTO "articles" VALUES(1,'Forked Deer','D','Mandolin','Try try try again again','2016-06-01 18:11:28.355415','2016-06-24 21:18:39.170749',2,'https://youtu.be/RDqqGkOGiLU');
INSERT INTO "articles" VALUES(2,'Big Dog on a Little Fence','F','Mandolin','This is the best tune ever!','2016-06-01 20:22:40.283924','2016-06-07 20:47:51.346720',2,NULL);
INSERT INTO "articles" VALUES(3,'Maury River Blues','Am','Mandolin','Johnson Mountain Boys play music forever!','2016-06-02 01:27:21.664244','2016-06-24 21:19:50.573378',2,'https://youtu.be/kUBpDPDa-eA');
INSERT INTO "articles" VALUES(4,'Donaldson Run','D','Fiddle','I wrote this tune and it''s great!','2016-06-02 15:43:15.794206','2016-06-02 15:43:15.794206',3,NULL);
INSERT INTO "articles" VALUES(5,'Ookpik Waltz','Em','Mandolin','Good tune aye! Eerie and a beaut to boot.','2016-06-03 03:56:06.732352','2016-06-12 01:00:52.099467',4,'https://youtu.be/B2IwkS4xHIc');
INSERT INTO "articles" VALUES(6,'Lonesome Moonlight Waltz','F','Mandlin','Lovely tune!','2016-06-07 16:19:04.741499','2016-06-24 21:22:24.119650',2,'https://youtu.be/4hNGs6yU5mU');
INSERT INTO "articles" VALUES(7,'Cluck Old Hen','A','Mandolin','My first go at this tune.','2016-06-08 15:03:47.039496','2016-06-24 21:21:50.308871',2,'https://youtu.be/X_g5ZrkWGUI');
INSERT INTO "articles" VALUES(8,'Out on the Ocean','G','Cello','Har-har-har good times','2016-06-08 15:05:29.892659','2016-06-24 21:24:20.424246',2,'https://youtu.be/VBI1Aw7Eb-Q');
INSERT INTO "articles" VALUES(9,'Earl''s Chair','D','Mandolin','One of my favorite irish tunes','2016-06-08 15:06:29.508821','2016-06-24 21:25:03.357078',2,'https://youtu.be/fEkCYtm9s10');
INSERT INTO "articles" VALUES(10,'Indian Ate a Woodchuck','D','Mandolin','Weeeeeeeeeeeeeeeeeeeee','2016-06-08 15:07:42.358288','2016-06-24 21:26:01.344065',2,'https://youtu.be/8x2MP2gGND8');
INSERT INTO "articles" VALUES(11,'Soldier''s Joy','D','Mandolin','I love this old-time tune!','2016-06-12 00:45:35.510436','2016-06-24 21:27:14.239458',2,'https://youtu.be/svbrWMElkdw');
INSERT INTO "articles" VALUES(13,'L&N Rag','C','Mandolin','Fun rag! Lotta mandolin backup potential on this one.','2016-06-13 21:29:29.576714','2016-06-13 21:29:29.576714',2,'https://youtu.be/qVVYSlyTlOs');
INSERT INTO "articles" VALUES(14,'Stony Lonesome','A','Mandolin','Yeeehaaaaw!!','2016-06-24 21:33:22.240436','2016-06-24 21:33:22.240436',2,'https://youtu.be/Ar7juVsgx_c');
INSERT INTO "articles" VALUES(15,'Durang''s Hornpipe','D','Mandolin','Boomerang durang','2016-06-24 21:38:18.594456','2016-06-24 21:38:18.594456',4,'https://youtu.be/ZY22GAp_bdk');
INSERT INTO "articles" VALUES(16,'Gold Rush','A','Mandolin','BGAB forever','2016-06-24 21:39:21.528645','2016-06-24 21:39:21.528645',4,'https://youtu.be/sei86_oi4EQ');
INSERT INTO "articles" VALUES(17,'Bumblebee in a Jug','C','Fiddle','Weeeehoooo beeee','2016-06-24 21:42:18.010447','2016-06-24 21:42:18.010447',4,'https://youtu.be/p48Vs842u58');
INSERT INTO "articles" VALUES(18,'Beaumont Rag','D','Guitar','What a fun tune this one is hah hah hah','2016-07-08 03:32:26.827460','2016-07-08 03:32:26.827460',2,'https://youtu.be/2jXNnoFv1EM');
CREATE TABLE "genres" ("id" INTEGER PRIMARY KEY AUTOINCREMENT NOT NULL, "name" varchar, "created_at" datetime NOT NULL, "updated_at" datetime NOT NULL);
INSERT INTO "genres" VALUES(1,'Bluegrass','2016-06-07 16:16:59.530010','2016-06-07 16:16:59.530010');
INSERT INTO "genres" VALUES(2,'Irish','2016-06-07 16:17:14.494320','2016-06-07 16:17:14.494320');
INSERT INTO "genres" VALUES(3,'Old-time','2016-06-07 16:22:15.249359','2016-06-07 16:22:15.249359');
INSERT INTO "genres" VALUES(4,'Scottish','2016-06-07 16:22:29.454659','2016-06-07 16:22:29.454659');
INSERT INTO "genres" VALUES(5,'Gypsy Jazz','2016-06-07 16:22:50.805690','2016-06-07 16:22:50.805690');
CREATE TABLE "article_genres" ("id" INTEGER PRIMARY KEY AUTOINCREMENT NOT NULL, "article_id" integer, "genre_id" integer);
INSERT INTO "article_genres" VALUES(1,6,1);
INSERT INTO "article_genres" VALUES(2,1,1);
INSERT INTO "article_genres" VALUES(3,2,1);
INSERT INTO "article_genres" VALUES(4,3,1);
INSERT INTO "article_genres" VALUES(5,4,1);
INSERT INTO "article_genres" VALUES(6,5,1);
INSERT INTO "article_genres" VALUES(7,7,1);
INSERT INTO "article_genres" VALUES(8,7,3);
INSERT INTO "article_genres" VALUES(9,8,2);
INSERT INTO "article_genres" VALUES(10,9,2);
INSERT INTO "article_genres" VALUES(11,10,3);
INSERT INTO "article_genres" VALUES(12,11,1);
INSERT INTO "article_genres" VALUES(13,11,3);
INSERT INTO "article_genres" VALUES(14,12,1);
INSERT INTO "article_genres" VALUES(15,13,1);
INSERT INTO "article_genres" VALUES(16,14,1);
INSERT INTO "article_genres" VALUES(17,15,1);
INSERT INTO "article_genres" VALUES(18,16,1);
INSERT INTO "article_genres" VALUES(19,17,3);
INSERT INTO "article_genres" VALUES(20,18,1);
CREATE TABLE "tunes" ("id" INTEGER PRIMARY KEY AUTOINCREMENT NOT NULL, "name" varchar, "key" varchar, "created_at" datetime NOT NULL, "updated_at" datetime NOT NULL, "time_signature" varchar);
INSERT INTO "tunes" VALUES(1,'A Little Heart''s Ease','G','2016-07-06 17:02:57.982423','2016-07-06 17:02:57.982423',NULL);
INSERT INTO "tunes" VALUES(2,'Angeline the Baker','D','2016-07-06 17:02:58.042752','2016-07-06 17:02:58.042752',NULL);
INSERT INTO "tunes" VALUES(3,'Apple Blossom','Dm','2016-07-06 17:02:58.107018','2016-07-06 17:02:58.107018',NULL);
INSERT INTO "tunes" VALUES(4,'April''s Waltz','G','2016-07-06 17:02:58.140472','2016-07-06 17:02:58.140472',NULL);
INSERT INTO "tunes" VALUES(5,'Arkansas Traveler','D','2016-07-06 17:02:58.185951','2016-07-06 17:02:58.185951',NULL);
INSERT INTO "tunes" VALUES(6,'Ashland Breakdown','C','2016-07-06 17:02:58.223149','2016-07-06 17:02:58.223149',NULL);
INSERT INTO "tunes" VALUES(7,'Ashokan Farewell','D','2016-07-06 17:02:58.253944','2016-07-06 17:02:58.253944',NULL);
INSERT INTO "tunes" VALUES(8,'Back Up and Push','C','2016-07-06 17:02:58.299486','2016-07-21 21:32:53.565549','4/4');
INSERT INTO "tunes" VALUES(9,'Bally Desmond Polka','A','2016-07-06 17:02:58.327884','2016-07-06 17:02:58.327884',NULL);
INSERT INTO "tunes" VALUES(10,'Banish Misfortune','D','2016-07-06 17:02:58.387580','2016-07-06 17:02:58.387580',NULL);
INSERT INTO "tunes" VALUES(11,'Banks of the Ohio','E','2016-07-06 17:02:58.408818','2016-07-06 17:02:58.408818',NULL);
INSERT INTO "tunes" VALUES(12,'Banshee','G','2016-07-06 17:02:58.427258','2016-07-06 17:02:58.427258',NULL);
INSERT INTO "tunes" VALUES(13,'Beaumont Rag','D','2016-07-06 17:02:58.486201','2016-07-06 17:02:58.486201',NULL);
INSERT INTO "tunes" VALUES(14,'Big John McNeil','A','2016-07-06 17:02:58.512950','2016-07-06 17:02:58.512950',NULL);
INSERT INTO "tunes" VALUES(15,'Big Mon','A','2016-07-06 17:02:58.547862','2016-07-06 17:02:58.547862',NULL);
INSERT INTO "tunes" VALUES(16,'Big Sandy River','A','2016-07-06 17:02:58.601420','2016-07-06 17:02:58.601420',NULL);
INSERT INTO "tunes" VALUES(17,'Big Sciota','G','2016-07-06 17:02:58.639015','2016-07-06 17:02:58.639015',NULL);
INSERT INTO "tunes" VALUES(18,'Bile ''Em Cabbage Down','A','2016-07-06 17:02:58.683352','2016-07-06 17:02:58.683352',NULL);
INSERT INTO "tunes" VALUES(19,'Bill Cheatham','A','2016-07-06 17:02:58.716254','2016-07-06 17:02:58.716254',NULL);
INSERT INTO "tunes" VALUES(20,'Bill Sullivan''s Polka','D','2016-07-06 17:02:58.757703','2016-07-06 17:02:58.757703',NULL);
INSERT INTO "tunes" VALUES(21,'Bill''s Dream','G','2016-07-06 17:02:58.803506','2016-07-06 17:02:58.803506',NULL);
INSERT INTO "tunes" VALUES(22,'Billy in the Lowground','C','2016-07-06 17:02:58.824657','2016-07-06 17:02:58.824657',NULL);
INSERT INTO "tunes" VALUES(23,'Birdie','C','2016-07-06 17:02:58.848151','2016-07-06 17:02:58.848151',NULL);
INSERT INTO "tunes" VALUES(24,'Birdland Bounce','Dm','2016-07-06 17:02:58.895982','2016-07-06 17:02:58.895982',NULL);
INSERT INTO "tunes" VALUES(25,'Black Canyon','Gm','2016-07-06 17:02:58.931904','2016-07-06 17:02:58.931904',NULL);
INSERT INTO "tunes" VALUES(26,'Blackberry Blossom','G','2016-07-06 17:02:58.957064','2016-07-06 17:02:58.957064',NULL);
INSERT INTO "tunes" VALUES(27,'Blue Eagle','D','2016-07-06 17:02:58.984327','2016-07-06 17:02:58.984327',NULL);
INSERT INTO "tunes" VALUES(28,'Blue Goose','G','2016-07-06 17:02:59.006602','2016-07-06 17:02:59.006602',NULL);
INSERT INTO "tunes" VALUES(29,'Blue River Waltz','C','2016-07-06 17:02:59.044914','2016-07-06 17:02:59.044914',NULL);
INSERT INTO "tunes" VALUES(30,'Bluegrass Special','A','2016-07-06 17:02:59.073643','2016-07-06 17:02:59.073643',NULL);
INSERT INTO "tunes" VALUES(31,'Bluegrass Stomp','D','2016-07-06 17:02:59.102309','2016-07-06 17:02:59.102309',NULL);
INSERT INTO "tunes" VALUES(32,'Bluegrass Twist','G','2016-07-06 17:02:59.135948','2016-07-06 17:02:59.135948',NULL);
INSERT INTO "tunes" VALUES(33,'Bonaparte Crossing the Rhine','D','2016-07-06 17:02:59.155433','2016-07-06 17:02:59.155433',NULL);
INSERT INTO "tunes" VALUES(34,'Bonaparte Crossing the Rockies','Am','2016-07-06 17:02:59.171955','2016-07-06 17:02:59.171955',NULL);
INSERT INTO "tunes" VALUES(35,'Bonaparte''s Retreat','D','2016-07-06 17:02:59.197920','2016-07-06 17:02:59.197920',NULL);
INSERT INTO "tunes" VALUES(36,'Bonnie Kate','D','2016-07-06 17:02:59.216116','2016-07-06 17:02:59.216116',NULL);
INSERT INTO "tunes" VALUES(37,'Boston Boy','C','2016-07-06 17:02:59.251326','2016-07-06 17:02:59.251326',NULL);
INSERT INTO "tunes" VALUES(38,'Boys of Malin','A','2016-07-06 17:02:59.302726','2016-07-06 17:02:59.302726',NULL);
INSERT INTO "tunes" VALUES(39,'Brenda Stubbert''s Reel','Am','2016-07-06 17:02:59.352876','2016-07-06 17:02:59.352876',NULL);
INSERT INTO "tunes" VALUES(40,'Breton Gavottes','Am','2016-07-06 17:02:59.381571','2016-07-06 17:02:59.381571',NULL);
INSERT INTO "tunes" VALUES(41,'Brian Boru''s March','Am','2016-07-06 17:02:59.402727','2016-07-06 17:02:59.402727',NULL);
INSERT INTO "tunes" VALUES(42,'Brilliancy','A','2016-07-06 17:02:59.423994','2016-07-06 17:02:59.423994',NULL);
INSERT INTO "tunes" VALUES(43,'Britches Full of Stitches','A','2016-07-06 17:02:59.449573','2016-07-06 17:02:59.449573',NULL);
INSERT INTO "tunes" VALUES(44,'Brown County Breakdown','E','2016-07-06 17:02:59.494885','2016-07-06 17:02:59.494885',NULL);
INSERT INTO "tunes" VALUES(45,'Buffalo Gals','C','2016-07-06 17:02:59.587707','2016-07-06 17:02:59.587707',NULL);
INSERT INTO "tunes" VALUES(46,'Bumblebee in a Jug','C','2016-07-06 17:02:59.690695','2016-07-06 17:02:59.690695',NULL);
INSERT INTO "tunes" VALUES(47,'The Butterfly','Em','2016-07-06 17:02:59.782815','2016-07-06 17:02:59.782815',NULL);
INSERT INTO "tunes" VALUES(48,'Cajun Fiddle','A','2016-07-06 17:02:59.820868','2016-07-06 17:02:59.820868',NULL);
INSERT INTO "tunes" VALUES(49,'Cattle in the Cane','A','2016-07-06 17:02:59.889708','2016-07-06 17:02:59.889708',NULL);
INSERT INTO "tunes" VALUES(50,'Cherokee Shuffle','A','2016-07-06 17:02:59.932309','2016-07-06 17:02:59.932309',NULL);
INSERT INTO "tunes" VALUES(51,'Cherokee Trail','Em','2016-07-06 17:02:59.956402','2016-07-06 17:02:59.956402',NULL);
INSERT INTO "tunes" VALUES(52,'Cheyenne','Gm','2016-07-06 17:02:59.981108','2016-07-06 17:02:59.981108',NULL);
INSERT INTO "tunes" VALUES(53,'Chinquapin Hunting','D','2016-07-06 17:03:00.018196','2016-07-06 17:03:00.018196',NULL);
INSERT INTO "tunes" VALUES(54,'Clinch Mountain Backstep','A','2016-07-06 20:35:15.577397','2016-07-06 20:35:15.577397',NULL);
INSERT INTO "tunes" VALUES(55,'Cluck Old Hen','Am','2016-07-06 20:35:15.613675','2016-07-06 20:35:15.613675',NULL);
INSERT INTO "tunes" VALUES(56,'Cold Frosty Morning','Am','2016-07-06 20:35:15.688393','2016-07-06 20:35:15.688393',NULL);
INSERT INTO "tunes" VALUES(57,'Coleman''s March','D','2016-07-06 20:35:15.757458','2016-07-06 20:35:15.757458',NULL);
INSERT INTO "tunes" VALUES(58,'Como Llora Una Estrella','Dm','2016-07-06 20:35:15.792736','2016-07-06 20:35:15.792736',NULL);
INSERT INTO "tunes" VALUES(59,'Concerto for Two Mandolins','G','2016-07-06 20:35:15.834605','2016-07-06 20:35:15.834605',NULL);
INSERT INTO "tunes" VALUES(60,'Connaughtman''s Rambles','G','2016-07-06 20:35:15.892323','2016-07-06 20:35:15.892323',NULL);
INSERT INTO "tunes" VALUES(61,'Connie O''Connell''s','G','2016-07-06 20:35:15.919286','2016-07-06 20:35:15.919286',NULL);
INSERT INTO "tunes" VALUES(62,'Cooley''s Reel','Em','2016-07-06 20:35:15.967514','2016-07-06 20:35:15.967514',NULL);
INSERT INTO "tunes" VALUES(63,'Cottage Groves','D','2016-07-06 20:35:16.027683','2016-07-06 20:35:16.027683',NULL);
INSERT INTO "tunes" VALUES(64,'Cotton Patch Rag','C','2016-07-06 20:35:16.084745','2016-07-06 20:35:16.084745',NULL);
INSERT INTO "tunes" VALUES(65,'Cricket on the Hearth','D','2016-07-06 20:35:16.109335','2016-07-06 20:35:16.109335',NULL);
INSERT INTO "tunes" VALUES(66,'Cripple Creek','A','2016-07-06 20:35:16.163422','2016-07-06 20:35:16.163422',NULL);
INSERT INTO "tunes" VALUES(67,'Crossing the Shannon','D','2016-07-06 20:35:16.206907','2016-07-06 20:35:16.206907',NULL);
INSERT INTO "tunes" VALUES(68,'Cuckoo''s Nest','C','2016-07-06 20:35:16.238993','2016-07-06 20:35:16.238993',NULL);
INSERT INTO "tunes" VALUES(69,'Cumberland Mountain Deer Chase','C','2016-07-06 20:35:16.272000','2016-07-06 20:35:16.272000',NULL);
INSERT INTO "tunes" VALUES(70,'Daley''s Reel','Bb','2016-07-06 20:35:16.295447','2016-07-06 20:35:16.295447',NULL);
INSERT INTO "tunes" VALUES(71,'Dan Collins'' Father''s Jig','D','2016-07-06 20:35:16.320670','2016-07-06 20:35:16.320670',NULL);
INSERT INTO "tunes" VALUES(72,'Dawg''s Waltz','D','2016-07-06 20:35:16.357026','2016-07-06 20:35:16.357026',NULL);
INSERT INTO "tunes" VALUES(73,'Devil''s Dream','A','2016-07-06 20:35:16.434778','2016-07-06 20:35:16.434778',NULL);
INSERT INTO "tunes" VALUES(74,'Diadem','Gm','2016-07-06 20:35:16.477953','2016-07-06 20:35:16.477953',NULL);
INSERT INTO "tunes" VALUES(75,'Dick Gossip''s Reel','D','2016-07-06 20:35:16.517188','2016-07-06 20:35:16.517188',NULL);
INSERT INTO "tunes" VALUES(76,'Dixie Hoedown','G','2016-07-06 20:35:16.567342','2016-07-06 20:35:16.567342',NULL);
INSERT INTO "tunes" VALUES(77,'Donaldson Run','G','2016-07-06 20:35:16.599248','2016-07-06 20:35:16.599248',NULL);
INSERT INTO "tunes" VALUES(78,'Done Gone','Bb','2016-07-06 20:35:16.663779','2016-07-06 20:35:16.663779',NULL);
INSERT INTO "tunes" VALUES(79,'Down to the River to Pray','D','2016-07-06 20:35:16.718061','2016-07-06 20:35:16.718061',NULL);
INSERT INTO "tunes" VALUES(80,'Drunk at Night Dry in the Morning','G','2016-07-06 20:35:16.767315','2016-07-06 20:35:16.767315',NULL);
INSERT INTO "tunes" VALUES(81,'Dry and Dusty','D','2016-07-06 20:35:16.853560','2016-07-06 20:35:16.853560',NULL);
INSERT INTO "tunes" VALUES(82,'Duck River','D','2016-07-06 20:35:16.898390','2016-07-06 20:35:16.898390',NULL);
INSERT INTO "tunes" VALUES(83,'Durang''s Hornpipe','D','2016-07-06 20:35:16.942306','2016-07-06 20:35:16.942306',NULL);
INSERT INTO "tunes" VALUES(84,'Dusty Miller','Am','2016-07-06 20:35:17.007946','2016-07-06 20:35:17.007946',NULL);
INSERT INTO "tunes" VALUES(85,'Earl''s Chair','D','2016-07-06 20:35:17.134084','2016-07-06 20:35:17.134084',NULL);
INSERT INTO "tunes" VALUES(86,'East Tennessee Blues','C','2016-07-06 20:35:17.188406','2016-07-06 20:35:17.188406',NULL);
INSERT INTO "tunes" VALUES(87,'Egan''s Polka/Kerry Polka','D','2016-07-06 20:35:17.232894','2016-07-06 20:35:17.232894',NULL);
INSERT INTO "tunes" VALUES(88,'Eighth of January','D','2016-07-06 20:35:17.295536','2016-07-06 20:35:17.295536',NULL);
INSERT INTO "tunes" VALUES(89,'El Morenito','D','2016-07-06 20:35:17.352742','2016-07-06 20:35:17.352742',NULL);
INSERT INTO "tunes" VALUES(90,'Faded Love','D','2016-07-06 20:35:17.401938','2016-07-06 20:35:17.401938',NULL);
INSERT INTO "tunes" VALUES(91,'Fanny Power','G','2016-07-06 20:35:17.439605','2016-07-06 20:35:17.439605',NULL);
INSERT INTO "tunes" VALUES(92,'Farewell to Trion','C','2016-07-06 20:35:17.474015','2016-07-06 20:35:17.474015',NULL);
INSERT INTO "tunes" VALUES(93,'Fiddler''s Dram','D','2016-07-06 20:35:17.587845','2016-07-06 20:35:17.587845',NULL);
INSERT INTO "tunes" VALUES(94,'Fiddler''s Dream','G','2016-07-06 20:35:17.649895','2016-07-06 20:35:17.649895',NULL);
INSERT INTO "tunes" VALUES(95,'Fine Times at Our House','A','2016-07-06 20:35:17.735852','2016-07-06 20:35:17.735852',NULL);
INSERT INTO "tunes" VALUES(96,'Fire on the Mountain','A','2016-07-06 20:35:17.781259','2016-07-06 20:35:17.781259',NULL);
INSERT INTO "tunes" VALUES(97,'Fireball Mail','G','2016-07-06 20:35:17.826887','2016-07-06 20:35:17.826887',NULL);
INSERT INTO "tunes" VALUES(98,'Fisher''s Hornpipe','D','2016-07-06 20:35:17.884423','2016-07-06 20:35:17.884423',NULL);
INSERT INTO "tunes" VALUES(99,'Flannery''s Dream','A','2016-07-06 20:35:17.923534','2016-07-06 20:35:17.923534',NULL);
INSERT INTO "tunes" VALUES(100,'Flop Eared Mule','D','2016-07-06 20:35:17.989416','2016-07-06 20:35:17.989416',NULL);
INSERT INTO "tunes" VALUES(101,'Forked Deer','D','2016-07-06 20:35:18.015910','2016-07-06 20:35:18.015910',NULL);
INSERT INTO "tunes" VALUES(102,'Frieze Britches','D','2016-07-06 20:35:18.057660','2016-07-06 20:35:18.057660',NULL);
INSERT INTO "tunes" VALUES(103,'Georgia Stomp','C','2016-07-06 20:35:18.123308','2016-07-06 20:35:18.123308',NULL);
INSERT INTO "tunes" VALUES(104,'Girl I Left Behind Me','G','2016-07-06 20:35:18.206997','2016-07-06 20:35:18.206997',NULL);
INSERT INTO "tunes" VALUES(105,'Girl with the Blue Dress On','C','2016-07-06 20:35:18.294078','2016-07-06 20:35:18.294078',NULL);
INSERT INTO "tunes" VALUES(106,'Gold Mountain Blues','Dm','2016-07-06 20:35:18.421512','2016-07-06 20:35:18.421512',NULL);
INSERT INTO "tunes" VALUES(107,'Gold Rush','A','2016-07-06 20:35:18.510547','2016-07-06 20:35:18.510547',NULL);
INSERT INTO "tunes" VALUES(108,'Golden Eagle Hornpipe','G','2016-07-06 20:35:18.617617','2016-07-06 20:35:18.617617',NULL);
INSERT INTO "tunes" VALUES(109,'Golden Slippers','D','2016-07-06 20:35:18.658997','2016-07-06 20:35:18.658997',NULL);
INSERT INTO "tunes" VALUES(110,'Goodbye Liza Jane','A','2016-07-06 20:35:18.794155','2016-07-06 20:35:18.794155',NULL);
INSERT INTO "tunes" VALUES(111,'Georgia Horseshoe','A','2016-07-06 20:35:18.830580','2016-07-06 20:35:18.830580',NULL);
INSERT INTO "tunes" VALUES(112,'Green Castle Hornpipe','D','2016-07-06 20:35:18.870533','2016-07-06 20:35:18.870533',NULL);
INSERT INTO "tunes" VALUES(113,'Grey Eagle','A','2016-07-06 20:35:18.889231','2016-07-06 20:35:18.889231',NULL);
INSERT INTO "tunes" VALUES(114,'Hangman''s Reel / Reel Du Pendu','A','2016-07-06 20:35:18.917126','2016-07-06 20:35:18.917126',NULL);
INSERT INTO "tunes" VALUES(115,'Harvest Home','D','2016-07-06 20:35:18.958584','2016-07-06 20:35:18.958584',NULL);
INSERT INTO "tunes" VALUES(116,'High on the Mountain','G ','2016-07-06 20:35:18.982736','2016-07-06 20:35:18.982736',NULL);
INSERT INTO "tunes" VALUES(117,'High Road','Em','2016-07-06 20:35:19.063762','2016-07-06 20:35:19.063762',NULL);
INSERT INTO "tunes" VALUES(118,'Honky Tonk Swing','C','2016-07-06 20:35:19.104218','2016-07-06 20:35:19.104218',NULL);
INSERT INTO "tunes" VALUES(119,'Hop the Fence','D','2016-07-06 20:35:19.146852','2016-07-06 20:35:19.146852',NULL);
INSERT INTO "tunes" VALUES(120,'Humours of Tulla','G','2016-07-06 20:35:19.179312','2016-07-06 20:35:19.179312',NULL);
INSERT INTO "tunes" VALUES(121,'Hut on Staffin Island','G','2016-07-06 20:35:19.230410','2016-07-06 20:35:19.230410',NULL);
INSERT INTO "tunes" VALUES(122,'I Get My Whiskey From Rockingham','G','2016-07-06 20:35:19.258229','2016-07-06 20:35:19.258229',NULL);
INSERT INTO "tunes" VALUES(123,'Independence','G','2016-07-06 20:35:19.293272','2016-07-06 20:35:19.293272',NULL);
INSERT INTO "tunes" VALUES(124,'Indian Ate a Woodchuck','D','2016-07-06 20:35:19.341315','2016-07-06 20:35:19.341315',NULL);
INSERT INTO "tunes" VALUES(125,'Irish Washerwoman','G','2016-07-06 20:35:19.381927','2016-07-06 20:35:19.381927',NULL);
INSERT INTO "tunes" VALUES(126,'Itzikel / Frailach','?','2016-07-06 20:35:19.440325','2016-07-06 20:35:19.440325',NULL);
INSERT INTO "tunes" VALUES(127,'Jean''s Reel','D','2016-07-06 20:35:19.494863','2016-07-06 20:35:19.494863',NULL);
INSERT INTO "tunes" VALUES(128,'Jenny Baker','D','2016-07-06 20:35:19.533291','2016-07-06 20:35:19.533291',NULL);
INSERT INTO "tunes" VALUES(129,'Jenny Lynn','A','2016-07-06 20:35:19.595053','2016-07-06 20:35:19.595053',NULL);
INSERT INTO "tunes" VALUES(130,'Jenny Run Away in the Mud in the Night','A','2016-07-06 20:35:19.694141','2016-07-06 20:35:19.694141',NULL);
INSERT INTO "tunes" VALUES(131,'Jerusalem Ridge','Am','2016-07-06 20:35:19.732056','2016-07-06 20:35:19.732056',NULL);
INSERT INTO "tunes" VALUES(132,'John Brown''s March','G','2016-07-06 20:35:19.809402','2016-07-06 20:35:19.809402',NULL);
INSERT INTO "tunes" VALUES(133,'John Leary''s Slide','D','2016-07-06 20:35:19.856480','2016-07-06 20:35:19.856480',NULL);
INSERT INTO "tunes" VALUES(134,'Johnny Don''t Get Drunk','D','2016-07-06 20:35:19.942864','2016-07-06 20:35:19.942864',NULL);
INSERT INTO "tunes" VALUES(135,'Jolie Blon','G','2016-07-06 20:35:19.977012','2016-07-06 20:35:19.977012',NULL);
INSERT INTO "tunes" VALUES(136,'June Apple','A','2016-07-06 20:35:20.032120','2016-07-06 20:35:20.032120',NULL);
INSERT INTO "tunes" VALUES(137,'Katy Hill','G','2016-07-06 20:35:20.066879','2016-07-06 20:35:20.066879',NULL);
INSERT INTO "tunes" VALUES(138,'Katy Did','C','2016-07-06 20:35:20.163824','2016-07-06 20:35:20.163824',NULL);
INSERT INTO "tunes" VALUES(139,'Kelsterne Gardens','Dm','2016-07-06 20:35:20.248597','2016-07-06 20:35:20.248597',NULL);
INSERT INTO "tunes" VALUES(140,'Kentucky Mandolin','Gm','2016-07-06 20:35:20.333175','2016-07-06 20:35:20.333175',NULL);
INSERT INTO "tunes" VALUES(141,'Kentucky Waltz','D','2016-07-06 20:35:20.416940','2016-07-06 20:35:20.416940',NULL);
INSERT INTO "tunes" VALUES(142,'Kesh Jig','G','2016-07-06 20:35:20.488296','2016-07-06 20:35:20.488296',NULL);
INSERT INTO "tunes" VALUES(143,'Kid on the Mountain','Em','2016-07-06 20:35:20.536829','2016-07-06 20:35:20.536829',NULL);
INSERT INTO "tunes" VALUES(144,'King of the Fairies','Em','2016-07-06 20:35:20.590195','2016-07-06 20:35:20.590195',NULL);
INSERT INTO "tunes" VALUES(145,'Kitchen Girl','Am','2016-07-06 20:35:20.638782','2016-07-06 20:35:20.638782',NULL);
INSERT INTO "tunes" VALUES(146,'La Partida','Bm','2016-07-06 20:35:20.666487','2016-07-06 20:35:20.666487',NULL);
INSERT INTO "tunes" VALUES(147,'Lad O''Beirn''s Hornpipe','G','2016-07-06 20:35:20.720279','2016-07-06 20:35:20.720279',NULL);
INSERT INTO "tunes" VALUES(148,'Lark in the Morning','D','2016-07-06 20:35:20.780318','2016-07-06 20:35:20.780318',NULL);
INSERT INTO "tunes" VALUES(149,'Last Night''s Fun','A','2016-07-06 20:35:20.822971','2016-07-06 20:35:20.822971',NULL);
INSERT INTO "tunes" VALUES(150,'Leather Britches','G','2016-07-06 20:35:20.863770','2016-07-06 20:35:20.863770',NULL);
INSERT INTO "tunes" VALUES(151,'Liberty','D','2016-07-06 20:35:20.902388','2016-07-06 20:35:20.902388',NULL);
INSERT INTO "tunes" VALUES(152,'Lighthousekeeper''s Waltz','G','2016-07-06 20:35:20.961266','2016-07-06 20:35:20.961266',NULL);
INSERT INTO "tunes" VALUES(153,'Lilting Banshee','Am','2016-07-06 20:35:21.033042','2016-07-06 20:35:21.033042',NULL);
INSERT INTO "tunes" VALUES(154,'Little Rabbit','A','2016-07-06 20:35:21.094057','2016-07-06 20:35:21.094057',NULL);
INSERT INTO "tunes" VALUES(155,'Lonesome Moonlight Waltz','F','2016-07-06 20:35:21.140413','2016-07-06 20:35:21.140413',NULL);
INSERT INTO "tunes" VALUES(156,'Long March Through Texas','?','2016-07-06 20:35:21.168130','2016-07-06 20:35:21.168130',NULL);
INSERT INTO "tunes" VALUES(157,'Lost Girl','G','2016-07-06 20:35:21.205519','2016-07-06 20:35:21.205519',NULL);
INSERT INTO "tunes" VALUES(158,'Lost Indian','D','2016-07-06 20:35:21.259433','2016-07-06 20:35:21.259433',NULL);
INSERT INTO "tunes" VALUES(159,'Lucy Farr''s','D','2016-07-06 20:35:21.388888','2016-07-06 20:35:21.388888',NULL);
INSERT INTO "tunes" VALUES(160,'Maid Behind the Bar','D','2016-07-06 20:35:21.416843','2016-07-06 20:35:21.416843',NULL);
INSERT INTO "tunes" VALUES(161,'Maiden''s Prayer','A','2016-07-06 20:35:21.441373','2016-07-06 20:35:21.441373',NULL);
INSERT INTO "tunes" VALUES(162,'Man From Bundoran','Em','2016-07-06 20:35:21.504560','2016-07-06 20:35:21.504560',NULL);
INSERT INTO "tunes" VALUES(163,'Mason''s Apron','A','2016-07-06 20:35:21.590363','2016-07-06 20:35:21.590363',NULL);
INSERT INTO "tunes" VALUES(164,'Maury River Blues','Am','2016-07-06 20:35:21.644285','2016-07-06 20:35:21.644285',NULL);
INSERT INTO "tunes" VALUES(165,'Maydelle''s Reel','E','2016-07-06 20:35:21.723792','2016-07-06 20:35:21.723792',NULL);
INSERT INTO "tunes" VALUES(166,'McCoury Blues','E','2016-07-06 20:35:21.755675','2016-07-06 20:35:21.755675',NULL);
INSERT INTO "tunes" VALUES(167,'Methodist Preacher','G','2016-07-06 20:35:21.793665','2016-07-06 20:35:21.793665',NULL);
INSERT INTO "tunes" VALUES(168,'Micko Russell''s Slide','D','2016-07-06 20:35:21.853626','2016-07-06 20:35:21.853626',NULL);
INSERT INTO "tunes" VALUES(169,'Midnight on the Water','D','2016-07-06 20:35:21.926486','2016-07-06 20:35:21.926486',NULL);
INSERT INTO "tunes" VALUES(170,'Milford''s Reel','D','2016-07-06 20:35:21.971323','2016-07-06 20:35:21.971323',NULL);
INSERT INTO "tunes" VALUES(171,'Miller of Droghan','A','2016-07-06 20:35:22.004670','2016-07-06 20:35:22.004670',NULL);
INSERT INTO "tunes" VALUES(172,'Miller''s Reel','A','2016-07-06 20:35:22.051405','2016-07-06 20:35:22.051405',NULL);
INSERT INTO "tunes" VALUES(173,'Misip','D','2016-07-06 20:35:22.114225','2016-07-06 20:35:22.114225',NULL);
INSERT INTO "tunes" VALUES(174,'Miss Macleod''s Reel','A','2016-07-06 20:35:22.154892','2016-07-06 20:35:22.154892',NULL);
INSERT INTO "tunes" VALUES(175,'Mississippi Sawyer','D','2016-07-06 20:35:22.201963','2016-07-06 20:35:22.201963',NULL);
INSERT INTO "tunes" VALUES(176,'Mississippi Waltz','F','2016-07-06 20:35:22.276271','2016-07-06 20:35:22.276271',NULL);
INSERT INTO "tunes" VALUES(177,'Moldavian Dance Tune','D','2016-07-06 20:35:22.321047','2016-07-06 20:35:22.321047',NULL);
INSERT INTO "tunes" VALUES(178,'Mon Chere Bebe Creole','?','2016-07-06 20:35:22.360918','2016-07-06 20:35:22.360918',NULL);
INSERT INTO "tunes" VALUES(179,'Money''s All Gone','D','2016-07-06 20:35:22.388039','2016-07-06 20:35:22.388039',NULL);
INSERT INTO "tunes" VALUES(180,'Monroe''s Hornpipe','A','2016-07-06 20:35:22.455852','2016-07-06 20:35:22.455852',NULL);
INSERT INTO "tunes" VALUES(181,'Morgan Magan','D','2016-07-06 20:35:22.529644','2016-07-06 20:35:22.529644',NULL);
INSERT INTO "tunes" VALUES(182,'Morning Dew','Em','2016-07-06 20:35:22.595327','2016-07-06 20:35:22.595327',NULL);
INSERT INTO "tunes" VALUES(183,'Mouth of the Tobique','G','2016-07-06 20:35:22.820355','2016-07-06 20:35:22.820355',NULL);
INSERT INTO "tunes" VALUES(184,'My Rag','D','2016-07-06 20:35:22.874486','2016-07-06 20:35:22.874486',NULL);
INSERT INTO "tunes" VALUES(185,'New Camptown Races ','Bb','2016-07-06 20:35:22.972005','2016-07-06 20:35:22.972005',NULL);
INSERT INTO "tunes" VALUES(186,'New Century Hornpipe','D','2016-07-06 20:35:23.033656','2016-07-06 20:35:23.033656',NULL);
INSERT INTO "tunes" VALUES(187,'Niel Gow''s Lament For His 2nd Wife','D','2016-07-06 20:35:23.108926','2016-07-06 20:35:23.108926',NULL);
INSERT INTO "tunes" VALUES(188,'Oak Ridge Stomp','D','2016-07-06 20:35:23.173955','2016-07-06 20:35:23.173955',NULL);
INSERT INTO "tunes" VALUES(189,'Off to the Races','G','2016-07-06 20:35:23.210498','2016-07-06 20:35:23.210498',NULL);
INSERT INTO "tunes" VALUES(190,'Old Dangerfield','A','2016-07-06 20:35:23.251881','2016-07-06 20:35:23.251881',NULL);
INSERT INTO "tunes" VALUES(191,'Old French','D','2016-07-06 20:35:23.311740','2016-07-06 20:35:23.311740',NULL);
INSERT INTO "tunes" VALUES(192,'Old Joe Clark','A','2016-07-06 20:35:23.363518','2016-07-06 20:35:23.363518',NULL);
INSERT INTO "tunes" VALUES(193,'Old Town','E','2016-07-06 20:35:23.397806','2016-07-06 20:35:23.397806',NULL);
INSERT INTO "tunes" VALUES(194,'Out on the Ocean','G','2016-07-06 20:35:23.453137','2016-07-06 20:35:23.453137',NULL);
INSERT INTO "tunes" VALUES(195,'Over the Road to Maysville','A','2016-07-06 20:35:23.487200','2016-07-06 20:35:23.487200',NULL);
INSERT INTO "tunes" VALUES(196,'Over the Waterfall','G','2016-07-06 20:35:23.523346','2016-07-06 20:35:23.523346',NULL);
INSERT INTO "tunes" VALUES(197,'Over Yonder','G','2016-07-06 20:35:23.574363','2016-07-06 20:35:23.574363',NULL);
INSERT INTO "tunes" VALUES(198,'Pachelbel''s Canon (reel style)','D','2016-07-06 20:35:23.611231','2016-07-06 20:35:23.611231',NULL);
INSERT INTO "tunes" VALUES(199,'Panhandle Rag','D','2016-07-06 20:35:23.646397','2016-07-06 20:35:23.646397',NULL);
INSERT INTO "tunes" VALUES(200,'Paris Nights','Am','2016-07-06 20:35:23.706746','2016-07-06 20:35:23.706746',NULL);
INSERT INTO "tunes" VALUES(201,'Pig''s Foot','G','2016-07-06 20:35:23.737377','2016-07-06 20:35:23.737377',NULL);
INSERT INTO "tunes" VALUES(202,'Planxty Hewlett','D','2016-07-06 20:35:23.816843','2016-07-06 20:35:23.816843',NULL);
INSERT INTO "tunes" VALUES(203,'Planxty Irwin','G','2016-07-06 20:35:23.853370','2016-07-06 20:35:23.853370',NULL);
INSERT INTO "tunes" VALUES(204,'Piney Woods','A','2016-07-06 20:35:23.903948','2016-07-06 20:35:23.903948',NULL);
INSERT INTO "tunes" VALUES(205,'Poor Richard''s Blues','Gm','2016-07-06 20:35:23.924911','2016-07-06 20:35:23.924911',NULL);
INSERT INTO "tunes" VALUES(206,'Possum''s Tail is Bare','D','2016-07-06 20:35:23.965288','2016-07-06 20:35:23.965288',NULL);
INSERT INTO "tunes" VALUES(207,'Pretty Little Indian','A','2016-07-06 20:35:24.002875','2016-07-06 20:35:24.002875',NULL);
INSERT INTO "tunes" VALUES(208,'Proud Boys of Manassas','?','2016-07-06 20:35:24.033395','2016-07-06 20:35:24.033395',NULL);
INSERT INTO "tunes" VALUES(209,'Queen Of The Rushes','D','2016-07-06 20:35:24.082646','2016-07-06 20:35:24.082646',NULL);
INSERT INTO "tunes" VALUES(210,'Quicksburg Rendezvous','G','2016-07-06 20:35:24.123865','2016-07-06 20:35:24.123865',NULL);
INSERT INTO "tunes" VALUES(211,'Rachael','?','2016-07-06 20:35:24.166649','2016-07-06 20:35:24.166649',NULL);
INSERT INTO "tunes" VALUES(212,'Ragtime Annie','D','2016-07-06 20:35:24.188446','2016-07-06 20:35:24.188446',NULL);
INSERT INTO "tunes" VALUES(213,'Rambling Pitchfork','D','2016-07-06 20:35:24.230379','2016-07-06 20:35:24.230379',NULL);
INSERT INTO "tunes" VALUES(214,'Rawhide','C','2016-07-06 20:35:24.255131','2016-07-06 20:35:24.255131',NULL);
INSERT INTO "tunes" VALUES(215,'Red Haired Boy','A','2016-07-06 20:35:24.330610','2016-07-06 20:35:24.330610',NULL);
INSERT INTO "tunes" VALUES(216,'Red Prairie Dawn','D','2016-07-06 20:35:24.377140','2016-07-06 20:35:24.377140',NULL);
INSERT INTO "tunes" VALUES(217,'Red Wing','G','2016-07-06 20:35:24.408913','2016-07-06 20:35:24.408913',NULL);
INSERT INTO "tunes" VALUES(218,'Remington Ride','G','2016-07-06 20:35:24.468083','2016-07-06 20:35:24.468083',NULL);
INSERT INTO "tunes" VALUES(219,'Road to Columbus','A','2016-07-06 20:35:24.497944','2016-07-06 20:35:24.497944',NULL);
INSERT INTO "tunes" VALUES(220,'Road to Lisdoonvarna','Em','2016-07-06 20:35:24.527076','2016-07-06 20:35:24.527076',NULL);
INSERT INTO "tunes" VALUES(221,'Road to Malvern','A','2016-07-06 20:35:24.564352','2016-07-06 20:35:24.564352',NULL);
INSERT INTO "tunes" VALUES(222,'Roanoke','G','2016-07-06 20:35:24.591010','2016-07-06 20:35:24.591010',NULL);
INSERT INTO "tunes" VALUES(223,'Rolling Ridge','G','2016-07-06 20:35:24.617686','2016-07-06 20:35:24.617686',NULL);
INSERT INTO "tunes" VALUES(224,'Roly Poly','G','2016-07-06 20:35:24.643050','2016-07-06 20:35:24.643050',NULL);
INSERT INTO "tunes" VALUES(225,'Rose In The Heather','D','2016-07-06 20:35:24.674954','2016-07-06 20:35:24.674954',NULL);
INSERT INTO "tunes" VALUES(226,'Saddle the Pony','G','2016-07-06 20:35:24.696308','2016-07-06 20:35:24.696308',NULL);
INSERT INTO "tunes" VALUES(227,'Sail Away Ladies','G','2016-07-06 20:35:24.725270','2016-07-06 20:35:24.725270',NULL);
INSERT INTO "tunes" VALUES(228,'Sailor''s Bonnet','D','2016-07-06 20:35:24.750372','2016-07-06 20:35:24.750372',NULL);
INSERT INTO "tunes" VALUES(229,'Sailor''s Hornpipe','G','2016-07-06 20:35:24.783262','2016-07-06 20:35:24.783262',NULL);
INSERT INTO "tunes" VALUES(230,'Saint Anne''s Reel','D','2016-07-06 20:35:24.812618','2016-07-06 20:35:24.812618',NULL);
INSERT INTO "tunes" VALUES(231,'Sal''s Got Mud Between Her Toes','D','2016-07-06 20:35:24.835533','2016-07-06 20:35:24.835533',NULL);
INSERT INTO "tunes" VALUES(232,'Salamanca','D','2016-07-06 20:35:24.858779','2016-07-06 20:35:24.858779',NULL);
INSERT INTO "tunes" VALUES(233,'Sally Gardens','G','2016-07-06 20:35:24.888552','2016-07-06 20:35:24.888552',NULL);
INSERT INTO "tunes" VALUES(234,'Sally Gooden','A','2016-07-06 20:35:24.909127','2016-07-06 20:35:24.909127',NULL);
INSERT INTO "tunes" VALUES(235,'Salt Creek','A','2016-07-06 20:35:24.934798','2016-07-06 20:35:24.934798',NULL);
INSERT INTO "tunes" VALUES(236,'Salt Spring','A','2016-07-06 20:35:24.953896','2016-07-06 20:35:24.953896',NULL);
INSERT INTO "tunes" VALUES(237,'Sandy River Belle','G','2016-07-06 20:35:24.977867','2016-07-06 20:35:24.977867',NULL);
INSERT INTO "tunes" VALUES(238,'Say Darlin'' Say','D','2016-07-06 20:35:25.003960','2016-07-06 20:35:25.003960',NULL);
INSERT INTO "tunes" VALUES(239,'Scotland The Brave','D','2016-07-06 20:35:25.025806','2016-07-06 20:35:25.025806',NULL);
INSERT INTO "tunes" VALUES(240,'Seneca Square Dance','G','2016-07-06 20:35:25.048703','2016-07-06 20:35:25.048703',NULL);
INSERT INTO "tunes" VALUES(241,'Shady Grove','Dm','2016-07-06 20:35:25.069968','2016-07-06 20:35:25.069968',NULL);
INSERT INTO "tunes" VALUES(242,'Shenandoah Breakdown','A','2016-07-06 20:35:25.105714','2016-07-06 20:35:25.105714',NULL);
INSERT INTO "tunes" VALUES(243,'Si Bheag Si Mhor','D','2016-07-06 20:35:25.138302','2016-07-06 20:35:25.138302',NULL);
INSERT INTO "tunes" VALUES(244,'Silver Bells','G','2016-07-06 20:35:25.164574','2016-07-06 20:35:25.164574',NULL);
INSERT INTO "tunes" VALUES(245,'Silver Spear','D','2016-07-06 20:35:25.207153','2016-07-06 20:35:25.207153',NULL);
INSERT INTO "tunes" VALUES(246,'Skye Boat Song','G','2016-07-06 20:35:25.262539','2016-07-06 20:35:25.262539',NULL);
INSERT INTO "tunes" VALUES(247,'Slocum Hollow','G','2016-07-06 20:35:25.300999','2016-07-06 20:35:25.300999',NULL);
INSERT INTO "tunes" VALUES(248,'Smash The Windows','D','2016-07-06 20:35:25.353594','2016-07-06 20:35:25.353594',NULL);
INSERT INTO "tunes" VALUES(249,'Snake River Reel','D','2016-07-06 20:35:25.422442','2016-07-06 20:35:25.422442',NULL);
INSERT INTO "tunes" VALUES(250,'Soldier''s Joy','D','2016-07-06 20:35:25.467182','2016-07-06 20:35:25.467182',NULL);
INSERT INTO "tunes" VALUES(251,'Spotted Pony','D','2016-07-06 20:35:25.514280','2016-07-06 20:35:25.514280',NULL);
INSERT INTO "tunes" VALUES(252,'Squirrel Heads and Gravy','?','2016-07-06 20:35:25.541298','2016-07-06 20:35:25.541298',NULL);
INSERT INTO "tunes" VALUES(253,'Squirrel Hunters','A','2016-07-06 20:35:25.578596','2016-07-06 20:35:25.578596',NULL);
INSERT INTO "tunes" VALUES(254,'Stoney Lonesome','A','2016-07-06 20:35:25.610744','2016-07-06 20:35:25.610744',NULL);
INSERT INTO "tunes" VALUES(255,'Stoney Point','G','2016-07-06 20:35:25.673615','2016-07-06 20:35:25.673615',NULL);
INSERT INTO "tunes" VALUES(256,'Sugar in the Gourd','A','2016-07-06 20:35:25.732841','2016-07-06 20:35:25.732841',NULL);
INSERT INTO "tunes" VALUES(257,'Swallowtail Jig','Am','2016-07-06 20:35:25.819880','2016-07-06 20:35:25.819880',NULL);
INSERT INTO "tunes" VALUES(258,'Sweet Liza Jane','A','2016-07-06 20:35:25.888132','2016-07-06 20:35:25.888132',NULL);
INSERT INTO "tunes" VALUES(259,'Swinging on a Gate','G','2016-07-06 20:35:25.955150','2016-07-06 20:35:25.955150',NULL);
INSERT INTO "tunes" VALUES(260,'Tam Lin','Dm','2016-07-06 20:35:25.994476','2016-07-06 20:35:25.994476',NULL);
INSERT INTO "tunes" VALUES(261,'Temperance Reel','G','2016-07-06 20:35:26.040485','2016-07-06 20:35:26.040485',NULL);
INSERT INTO "tunes" VALUES(262,'Tenessee Waltz','D','2016-07-06 20:35:26.068970','2016-07-06 20:35:26.068970',NULL);
INSERT INTO "tunes" VALUES(263,'Tennessee Blues','A','2016-07-06 20:35:26.125212','2016-07-06 20:35:26.125212',NULL);
INSERT INTO "tunes" VALUES(264,'Texas Gales','C','2016-07-06 20:35:26.162857','2016-07-06 20:35:26.162857',NULL);
INSERT INTO "tunes" VALUES(265,'Tobin''s Favorite','D','2016-07-06 20:35:26.197732','2016-07-06 20:35:26.197732',NULL);
INSERT INTO "tunes" VALUES(266,'Tom Billy''s Jig','?','2016-07-06 20:35:26.234310','2016-07-06 20:35:26.234310',NULL);
INSERT INTO "tunes" VALUES(267,'Turkey in the Straw','G','2016-07-06 20:35:26.260578','2016-07-06 20:35:26.260578',NULL);
INSERT INTO "tunes" VALUES(268,'Uncle Herman''s Hornpipe','D','2016-07-06 20:35:26.290737','2016-07-06 20:35:26.290737',NULL);
INSERT INTO "tunes" VALUES(269,'Up and Around the Bend','A','2016-07-06 20:35:26.338035','2016-07-06 20:35:26.338035',NULL);
INSERT INTO "tunes" VALUES(270,'Viens Me Chercher','?','2016-07-06 20:35:26.394258','2016-07-06 20:35:26.394258',NULL);
INSERT INTO "tunes" VALUES(271,'Virginia Darlin''','A','2016-07-06 20:35:26.424348','2016-07-06 20:35:26.424348',NULL);
INSERT INTO "tunes" VALUES(272,'Walking In My Sleep','G','2016-07-06 20:35:26.468440','2016-07-06 20:35:26.468440',NULL);
INSERT INTO "tunes" VALUES(273,'Waverly','G','2016-07-06 20:35:26.517096','2016-07-06 20:35:26.517096',NULL);
INSERT INTO "tunes" VALUES(274,'Wayfaring Stranger','Gm','2016-07-06 20:35:26.547211','2016-07-06 20:35:26.547211',NULL);
INSERT INTO "tunes" VALUES(275,'Weave and Way','F','2016-07-06 20:35:26.585961','2016-07-06 20:35:26.585961',NULL);
INSERT INTO "tunes" VALUES(276,'West Fork Gals','D','2016-07-06 20:35:26.676581','2016-07-06 20:35:26.676581',NULL);
INSERT INTO "tunes" VALUES(277,'Westphalia Waltz','G','2016-07-06 20:35:26.724511','2016-07-06 20:35:26.724511',NULL);
INSERT INTO "tunes" VALUES(278,'Wheel Hoss','G','2016-07-06 20:35:26.835333','2016-07-06 20:35:26.835333',NULL);
INSERT INTO "tunes" VALUES(279,'Where I Was Last Night','G','2016-07-06 20:35:26.890348','2016-07-06 20:35:26.890348',NULL);
INSERT INTO "tunes" VALUES(280,'Whiskey Before Breakfast','D','2016-07-06 20:35:26.940964','2016-07-06 20:35:26.940964',NULL);
INSERT INTO "tunes" VALUES(281,'Wildwood Flower','C','2016-07-06 20:35:26.985979','2016-07-06 20:35:26.985979',NULL);
INSERT INTO "tunes" VALUES(282,'Woodchopper''s Reel','D','2016-07-06 20:35:27.022612','2016-07-06 20:35:27.022612',NULL);
INSERT INTO "tunes" VALUES(283,'Wren','Am','2016-07-06 20:35:27.067529','2016-07-06 20:35:27.067529',NULL);
INSERT INTO "tunes" VALUES(284,'Old Maid of Galway','Bm','2016-07-06 20:35:27.115791','2016-07-06 20:35:27.115791',NULL);
INSERT INTO "tunes" VALUES(285,'Blue Yodel No. 4','A','2016-07-06 20:35:27.169930','2016-07-06 20:35:27.169930',NULL);
INSERT INTO "tunes" VALUES(286,'Down in the Swamp','E','2016-07-06 20:35:27.211018','2016-07-06 20:35:27.211018',NULL);
INSERT INTO "tunes" VALUES(287,'Rocky Road Blues','A','2016-07-06 20:35:27.231825','2016-07-06 20:35:27.231825',NULL);
INSERT INTO "tunes" VALUES(288,'True Life Blues','A','2016-07-06 20:35:27.264623','2016-07-06 20:35:27.264623',NULL);
INSERT INTO "tunes" VALUES(289,'Bandura Waltz','Am','2016-07-06 20:35:27.288662','2016-07-06 20:35:27.288662',NULL);
INSERT INTO "tunes" VALUES(290,'Martin O''Connor''s','D','2016-07-06 20:35:27.314691','2016-07-06 20:35:27.314691',NULL);
INSERT INTO "tunes" VALUES(291,'Panhandle Country','C','2016-07-06 20:35:27.362647','2016-07-06 20:35:27.362647',NULL);
INSERT INTO "tunes" VALUES(292,'L&N Railroad Rag','C','2016-07-06 20:35:27.404191','2016-07-06 20:35:27.404191',NULL);
INSERT INTO "tunes" VALUES(293,'The Monaghan Twig','A','2016-07-14 22:31:23.413776','2016-07-14 22:31:23.413776',NULL);
INSERT INTO "tunes" VALUES(297,'Sweetheart You Done Me Wrong','C','2016-07-20 22:51:47.912935','2016-07-20 22:51:47.912935',NULL);
INSERT INTO "tunes" VALUES(298,'Gallatin Rag','G','2016-07-20 22:55:15.447986','2016-07-20 22:55:15.447986',NULL);
INSERT INTO "tunes" VALUES(299,'Happy Time','A','2016-07-22 12:24:06.958237','2016-07-22 12:24:06.958237','4/4');
INSERT INTO "tunes" VALUES(300,'Sad Times','Am','2016-07-22 12:35:34.312737','2016-07-22 21:39:58.854085','3/4 + 8/12');
INSERT INTO "tunes" VALUES(301,'Great Times','F','2017-05-21 22:47:20.106448','2017-05-21 22:47:20.106448','3/4');
INSERT INTO "tunes" VALUES(302,'Big Blue Sky','G','2017-06-01 22:30:36.682354','2017-08-22 12:10:24.926979','4/4');
INSERT INTO "tunes" VALUES(303,'Dumbhead','F','2018-03-29 16:01:57.859625','2018-03-29 16:01:57.859625','4/4');
INSERT INTO "tunes" VALUES(304,'Joke Time in Jokeville','Bb','2018-11-08 19:23:47.893582','2018-11-08 19:23:47.893582','3/4');
CREATE TABLE "tune_genres" ("id" INTEGER PRIMARY KEY AUTOINCREMENT NOT NULL, "tune_id" integer, "genre_id" integer);
INSERT INTO "tune_genres" VALUES(1,2,1);
INSERT INTO "tune_genres" VALUES(2,3,3);
INSERT INTO "tune_genres" VALUES(3,5,1);
INSERT INTO "tune_genres" VALUES(4,6,1);
INSERT INTO "tune_genres" VALUES(5,7,3);
INSERT INTO "tune_genres" VALUES(6,8,1);
INSERT INTO "tune_genres" VALUES(7,9,2);
INSERT INTO "tune_genres" VALUES(8,10,2);
INSERT INTO "tune_genres" VALUES(9,11,3);
INSERT INTO "tune_genres" VALUES(10,12,2);
INSERT INTO "tune_genres" VALUES(11,13,1);
INSERT INTO "tune_genres" VALUES(12,14,1);
INSERT INTO "tune_genres" VALUES(13,15,1);
INSERT INTO "tune_genres" VALUES(14,16,1);
INSERT INTO "tune_genres" VALUES(15,17,1);
INSERT INTO "tune_genres" VALUES(16,18,1);
INSERT INTO "tune_genres" VALUES(17,19,1);
INSERT INTO "tune_genres" VALUES(18,20,2);
INSERT INTO "tune_genres" VALUES(19,21,1);
INSERT INTO "tune_genres" VALUES(20,22,1);
INSERT INTO "tune_genres" VALUES(21,23,1);
INSERT INTO "tune_genres" VALUES(22,24,1);
INSERT INTO "tune_genres" VALUES(23,25,1);
INSERT INTO "tune_genres" VALUES(24,26,1);
INSERT INTO "tune_genres" VALUES(25,27,1);
INSERT INTO "tune_genres" VALUES(26,28,3);
INSERT INTO "tune_genres" VALUES(27,29,3);
INSERT INTO "tune_genres" VALUES(28,30,1);
INSERT INTO "tune_genres" VALUES(29,31,1);
INSERT INTO "tune_genres" VALUES(30,32,1);
INSERT INTO "tune_genres" VALUES(31,33,3);
INSERT INTO "tune_genres" VALUES(32,34,3);
INSERT INTO "tune_genres" VALUES(33,35,3);
INSERT INTO "tune_genres" VALUES(34,36,2);
INSERT INTO "tune_genres" VALUES(35,37,1);
INSERT INTO "tune_genres" VALUES(36,38,2);
INSERT INTO "tune_genres" VALUES(37,41,2);
INSERT INTO "tune_genres" VALUES(38,42,3);
INSERT INTO "tune_genres" VALUES(39,43,2);
INSERT INTO "tune_genres" VALUES(40,44,1);
INSERT INTO "tune_genres" VALUES(41,45,3);
INSERT INTO "tune_genres" VALUES(42,46,3);
INSERT INTO "tune_genres" VALUES(43,1,1);
INSERT INTO "tune_genres" VALUES(47,293,2);
INSERT INTO "tune_genres" VALUES(48,294,1);
INSERT INTO "tune_genres" VALUES(49,295,1);
INSERT INTO "tune_genres" VALUES(50,296,1);
INSERT INTO "tune_genres" VALUES(51,297,1);
INSERT INTO "tune_genres" VALUES(52,298,1);
INSERT INTO "tune_genres" VALUES(53,299,5);
INSERT INTO "tune_genres" VALUES(54,300,1);
INSERT INTO "tune_genres" VALUES(55,300,3);
INSERT INTO "tune_genres" VALUES(56,301,3);
INSERT INTO "tune_genres" VALUES(57,302,1);
INSERT INTO "tune_genres" VALUES(58,303,5);
INSERT INTO "tune_genres" VALUES(59,304,3);
CREATE TABLE "jams" ("id" INTEGER PRIMARY KEY AUTOINCREMENT NOT NULL, "name" varchar, "created_at" datetime NOT NULL, "updated_at" datetime NOT NULL);
INSERT INTO "jams" VALUES(1,'1st Jam','2016-07-07 21:14:59.809307','2016-07-07 21:14:59.809307');
INSERT INTO "jams" VALUES(2,'Yay Jam','2016-07-07 21:23:52.013793','2016-07-07 21:23:52.013793');
INSERT INTO "jams" VALUES(3,'Test Jam','2016-07-07 21:27:05.209769','2016-07-07 21:27:05.209769');
INSERT INTO "jams" VALUES(4,'weee','2016-07-07 22:25:21.243676','2016-07-07 22:25:21.243676');
INSERT INTO "jams" VALUES(5,'','2016-07-07 22:38:55.627284','2016-07-07 22:38:55.627284');
INSERT INTO "jams" VALUES(6,'weehaw','2016-07-08 00:45:45.060955','2016-07-08 00:45:45.060955');
INSERT INTO "jams" VALUES(7,'','2016-07-08 00:48:22.213568','2016-07-08 00:48:22.213568');
INSERT INTO "jams" VALUES(8,'','2016-07-08 03:25:45.219145','2016-07-08 03:25:45.219145');
INSERT INTO "jams" VALUES(9,'Trio jam!','2016-07-08 03:27:24.726015','2016-07-08 03:27:24.726015');
INSERT INTO "jams" VALUES(10,'','2016-07-08 18:08:09.572091','2016-07-08 18:08:09.572091');
INSERT INTO "jams" VALUES(11,'Hooray','2016-07-08 20:50:53.824891','2016-07-08 20:50:53.824891');
INSERT INTO "jams" VALUES(12,'Alone','2016-07-08 21:06:42.609839','2016-07-08 21:06:42.609839');
INSERT INTO "jams" VALUES(13,'','2016-07-13 20:46:19.218374','2016-07-13 20:46:19.218374');
INSERT INTO "jams" VALUES(14,'','2016-07-13 21:14:13.542071','2016-07-13 21:14:13.542071');
INSERT INTO "jams" VALUES(15,'','2016-07-14 18:43:11.938775','2016-07-14 18:43:11.938775');
INSERT INTO "jams" VALUES(16,'sj','2016-07-16 02:03:00.497686','2016-07-16 02:03:00.497686');
INSERT INTO "jams" VALUES(17,'','2016-07-16 02:06:10.298184','2016-07-16 02:06:10.298184');
INSERT INTO "jams" VALUES(18,'SJBENSCOTT','2016-07-17 14:31:16.806228','2016-07-17 14:31:16.806228');
INSERT INTO "jams" VALUES(19,'big jam','2016-07-18 16:42:03.709463','2016-07-18 16:42:03.709463');
INSERT INTO "jams" VALUES(20,'','2016-07-18 18:28:13.493339','2016-07-18 18:28:13.493339');
INSERT INTO "jams" VALUES(21,'','2016-07-18 19:06:49.972285','2016-07-18 19:06:49.972285');
INSERT INTO "jams" VALUES(22,'','2016-07-21 12:27:42.622486','2016-07-21 12:27:42.622486');
INSERT INTO "jams" VALUES(23,'6-1-2017','2017-06-01 22:31:55.285514','2017-06-01 22:31:55.285514');
INSERT INTO "jams" VALUES(24,'solo','2017-08-22 19:08:12.455938','2017-08-22 19:08:12.455938');
INSERT INTO "jams" VALUES(25,'','2017-08-27 16:21:58.755431','2017-08-27 16:21:58.755431');
CREATE TABLE "jam_users" ("id" INTEGER PRIMARY KEY AUTOINCREMENT NOT NULL, "jam_id" integer, "user_id" integer);
INSERT INTO "jam_users" VALUES(1,1,2);
INSERT INTO "jam_users" VALUES(2,1,3);
INSERT INTO "jam_users" VALUES(3,1,5);
INSERT INTO "jam_users" VALUES(4,2,2);
INSERT INTO "jam_users" VALUES(5,2,3);
INSERT INTO "jam_users" VALUES(6,2,5);
INSERT INTO "jam_users" VALUES(7,3,2);
INSERT INTO "jam_users" VALUES(8,3,3);
INSERT INTO "jam_users" VALUES(9,3,5);
INSERT INTO "jam_users" VALUES(10,4,2);
INSERT INTO "jam_users" VALUES(11,4,3);
INSERT INTO "jam_users" VALUES(12,4,7);
INSERT INTO "jam_users" VALUES(13,5,2);
INSERT INTO "jam_users" VALUES(14,5,3);
INSERT INTO "jam_users" VALUES(15,5,7);
INSERT INTO "jam_users" VALUES(16,6,2);
INSERT INTO "jam_users" VALUES(17,6,3);
INSERT INTO "jam_users" VALUES(18,6,5);
INSERT INTO "jam_users" VALUES(19,7,2);
INSERT INTO "jam_users" VALUES(20,7,3);
INSERT INTO "jam_users" VALUES(21,7,7);
INSERT INTO "jam_users" VALUES(22,8,2);
INSERT INTO "jam_users" VALUES(23,8,3);
INSERT INTO "jam_users" VALUES(24,8,6);
INSERT INTO "jam_users" VALUES(25,9,2);
INSERT INTO "jam_users" VALUES(26,9,3);
INSERT INTO "jam_users" VALUES(27,9,7);
INSERT INTO "jam_users" VALUES(28,10,2);
INSERT INTO "jam_users" VALUES(29,10,3);
INSERT INTO "jam_users" VALUES(30,10,5);
INSERT INTO "jam_users" VALUES(31,10,6);
INSERT INTO "jam_users" VALUES(32,10,7);
INSERT INTO "jam_users" VALUES(33,11,2);
INSERT INTO "jam_users" VALUES(34,11,3);
INSERT INTO "jam_users" VALUES(35,11,7);
INSERT INTO "jam_users" VALUES(36,12,2);
INSERT INTO "jam_users" VALUES(37,13,2);
INSERT INTO "jam_users" VALUES(38,13,3);
INSERT INTO "jam_users" VALUES(39,14,2);
INSERT INTO "jam_users" VALUES(40,14,3);
INSERT INTO "jam_users" VALUES(41,15,2);
INSERT INTO "jam_users" VALUES(42,15,3);
INSERT INTO "jam_users" VALUES(43,16,2);
INSERT INTO "jam_users" VALUES(44,17,2);
INSERT INTO "jam_users" VALUES(45,17,3);
INSERT INTO "jam_users" VALUES(46,17,6);
INSERT INTO "jam_users" VALUES(47,18,2);
INSERT INTO "jam_users" VALUES(48,18,3);
INSERT INTO "jam_users" VALUES(49,18,6);
INSERT INTO "jam_users" VALUES(56,20,5);
INSERT INTO "jam_users" VALUES(57,21,2);
INSERT INTO "jam_users" VALUES(58,21,3);
INSERT INTO "jam_users" VALUES(59,21,5);
INSERT INTO "jam_users" VALUES(60,21,6);
INSERT INTO "jam_users" VALUES(61,21,7);
INSERT INTO "jam_users" VALUES(62,22,2);
INSERT INTO "jam_users" VALUES(63,23,2);
INSERT INTO "jam_users" VALUES(64,23,3);
INSERT INTO "jam_users" VALUES(65,23,5);
INSERT INTO "jam_users" VALUES(66,24,2);
INSERT INTO "jam_users" VALUES(67,25,2);
INSERT INTO "jam_users" VALUES(68,25,5);
CREATE TABLE "sources" ("id" INTEGER PRIMARY KEY AUTOINCREMENT NOT NULL, "version" varchar, "link" varchar, "description" text, "tune_id" integer, "created_at" datetime NOT NULL, "updated_at" datetime NOT NULL);
INSERT INTO "sources" VALUES(1,'Joe Walsh','https://youtu.be/pAgcOsP7i7Q','Cool!',1,'2016-07-15 21:40:03.181223','2016-07-15 21:40:14.373391');
INSERT INTO "sources" VALUES(2,'Mr. Sun','https://youtu.be/edKvAj0fYxQ',NULL,NULL,'2016-07-15 22:50:15.373160','2016-07-15 22:50:15.373160');
INSERT INTO "sources" VALUES(3,'Mr. Moon','https://youtu.be/edKvAj0fYxQ',NULL,1,'2016-07-15 22:52:50.764402','2016-07-15 22:52:50.764402');
INSERT INTO "sources" VALUES(4,'Walsh, Gordy, & Hutchison','https://youtu.be/QOgSPN8j0gU','At Millenium Stage',1,'2016-07-15 22:58:16.797878','2016-07-15 22:58:16.797878');
INSERT INTO "sources" VALUES(5,'Crooked Still','https://youtu.be/wW64GhvmJAE','Kinda new grassy but fun still',2,'2016-07-16 02:05:29.526150','2016-07-16 02:05:29.526150');
INSERT INTO "sources" VALUES(6,'Twin Fiddle Productions','https://youtu.be/d8xYBjsGp7Y','Nice trio version highlighting the fiddle',64,'2016-07-17 14:27:19.984846','2016-07-17 14:27:19.984846');
INSERT INTO "sources" VALUES(7,'Mark O''Connor','https://youtu.be/OOwTlkuTBhs','Nice hat bro!',5,'2016-07-20 21:13:21.116058','2016-07-20 21:22:24.644029');
INSERT INTO "sources" VALUES(8,'Del McCoury Band','https://youtu.be/x9whotSV1BU','Bill Montroe tribute. Good times testing for lonnnnnnnnnnnggg description. Jeez this description is soo so soos os os sososos long. Jeez.',288,'2016-07-25 21:39:42.027823','2016-07-25 22:21:42.918592');
INSERT INTO "sources" VALUES(9,'David Grisman','https://open.spotify.com/track/14wuRVMgV8Ybkt8rLOmuV9','Happy Birthday Bill Monroe',288,'2016-07-25 21:42:46.452245','2016-07-25 21:42:46.452245');
INSERT INTO "sources" VALUES(10,'Mandozine','http://www.mandozine.com/music/search_results.php?searchfor=true+life+blues&tuneselectby=C&mandolevel=&category=&songkey=&artist=&transcriber=&sortby=T&sortorder=A&submit=','Check it out woohoo mandozine is soooooooooo great.',288,'2016-07-25 22:31:33.788413','2016-07-25 22:31:33.788413');
INSERT INTO "sources" VALUES(11,'Bela Fleck','https://www.youtube.com/watch?v=3uxX6uydY20','Kilin it like a villain weeee',10,'2016-07-26 15:24:00.456237','2016-07-26 15:24:00.456237');
INSERT INTO "sources" VALUES(12,'Bela Fleck','https://youtu.be/3uxX6uydY20','Testing same video except with "share" link',10,'2016-07-26 15:26:55.163208','2016-07-26 15:26:55.163208');
INSERT INTO "sources" VALUES(13,'Dave Rawlings','https://www.youtube.com/watch?v=PXuxRahgSdc','Test youtube "watch" link (searchbar url copy)',288,'2016-07-26 16:48:05.847040','2016-07-26 16:48:05.847040');
INSERT INTO "sources" VALUES(14,'urban dictionary','http://www.urbandictionary.com/define.php?term=sadtimes','Description of UD sad times resource',300,'2017-05-19 20:20:37.230077','2017-05-19 20:20:37.230077');
INSERT INTO "sources" VALUES(15,'standard','https://open.spotify.com/track/2Ksw2QttWAoNr9Tkz7IXKA','electric guitar for the space age',303,'2018-04-17 18:23:18.435449','2018-04-17 18:23:18.435449');
CREATE TABLE "notes" ("id" INTEGER PRIMARY KEY AUTOINCREMENT NOT NULL, "body" text, "tune_id" integer, "created_at" datetime NOT NULL, "updated_at" datetime NOT NULL);
CREATE TABLE "lyrics" ("id" INTEGER PRIMARY KEY AUTOINCREMENT NOT NULL, "version" varchar, "body" text, "tune_id" integer, "created_at" datetime NOT NULL, "updated_at" datetime NOT NULL);
INSERT INTO "lyrics" VALUES(1,'Bill Monroe','I hate to see the sun sink low
Just for a cause you ought to know
For it''s true love I can''t forget
All of my sorrows you''ll soon regret

You promised me love that was true
And I''m sorry to say that I believed in you
For its all turned out just like a dream
Left me so sad in the world it seems

There''s dishes to wash and a house to clean
There''s washing to do oh it seems so mean
There''s a million words I can''t explain
Think of this girl before you change your name

They''ll go away and leave you at home
They never care if you''re alone
They seem to forget they''ve got a wife
This story is sad, but it''s a true life',288,'2016-07-20 22:26:29.516654','2016-07-20 22:26:29.516654');
INSERT INTO "lyrics" VALUES(2,'Bill Monroe','You told me that your love was true
Sweetheart, I thought the world of you
But now you left me all alone
I have no one to call my own

   Now sweetheart, you''ve done me wrong
   You have left me all alone
   Maybe there will come a time
   Sweetheart, when you will change your mind

I never shall forget the day
When you said you were going away
I couldn''t believe that it was true
After all the love I had for you

This road is rough and rocky too
As I travel on, dear, without you
But I''m still praying for the time
Sweetheart when you will change your mind',297,'2016-07-20 22:53:11.117306','2016-07-20 22:53:11.117306');
INSERT INTO "lyrics" VALUES(3,'Sad version','sad times
sad sad times
so sad
the times
are sad

:(',300,'2017-05-19 21:55:44.743881','2017-05-19 21:55:44.743881');
INSERT INTO "lyrics" VALUES(4,'The Best Version','the times were great
oh so great
i yearn so badly
for those times',301,'2017-05-21 22:47:48.360620','2017-05-21 22:47:48.360620');
INSERT INTO "lyrics" VALUES(5,'Original','oh big blue sky
you are so big
i want to fly
the big blue sky',302,'2017-06-01 22:31:08.633087','2017-06-01 22:31:08.633087');
INSERT INTO "lyrics" VALUES(6,'standard','dumb dumb
dumb dumb head',303,'2018-03-29 16:27:14.826518','2018-03-29 16:27:14.826518');
CREATE TABLE "activities" ("id" INTEGER PRIMARY KEY AUTOINCREMENT NOT NULL, "trackable_type" varchar, "trackable_id" integer, "owner_type" varchar, "owner_id" integer, "key" varchar, "parameters" text, "recipient_type" varchar, "recipient_id" integer, "created_at" datetime, "updated_at" datetime);
INSERT INTO "activities" VALUES(1,'Tune',299,NULL,NULL,'tune.create',NULL,NULL,NULL,'2016-07-22 12:24:07.153176','2016-07-22 12:24:07.153176');
INSERT INTO "activities" VALUES(2,'Tune',300,'User',2,'tune.create',NULL,NULL,NULL,'2016-07-22 12:35:34.354042','2016-07-22 12:35:34.354042');
INSERT INTO "activities" VALUES(3,'Repertoire',564,'User',2,'repertoire.create',NULL,NULL,NULL,'2016-07-22 12:39:49.937083','2016-07-22 12:39:49.937083');
INSERT INTO "activities" VALUES(4,'Tune',300,'User',2,'tune.update',NULL,NULL,NULL,'2016-07-22 21:39:58.866452','2016-07-22 21:39:58.866452');
INSERT INTO "activities" VALUES(5,'Repertoire',565,'User',2,'repertoire.create',NULL,NULL,NULL,'2016-07-22 22:38:32.879980','2016-07-22 22:38:32.879980');
INSERT INTO "activities" VALUES(6,'Repertoire',565,'User',2,'repertoire.destroy',NULL,NULL,NULL,'2016-07-22 22:38:36.621415','2016-07-22 22:38:36.621415');
INSERT INTO "activities" VALUES(7,'Tune',301,'User',2,'tune.create',NULL,NULL,NULL,'2017-05-21 22:47:20.269739','2017-05-21 22:47:20.269739');
INSERT INTO "activities" VALUES(8,'Repertoire',566,'User',2,'repertoire.create',NULL,NULL,NULL,'2017-05-21 22:47:52.560955','2017-05-21 22:47:52.560955');
INSERT INTO "activities" VALUES(9,'Tune',302,'User',2,'tune.create',NULL,NULL,NULL,'2017-06-01 22:30:36.871156','2017-06-01 22:30:36.871156');
INSERT INTO "activities" VALUES(10,'Repertoire',567,'User',2,'repertoire.create',NULL,NULL,NULL,'2017-06-01 22:30:39.475865','2017-06-01 22:30:39.475865');
INSERT INTO "activities" VALUES(11,'Tune',302,'User',2,'tune.update',NULL,NULL,NULL,'2017-08-22 12:10:24.966893','2017-08-22 12:10:24.966893');
INSERT INTO "activities" VALUES(12,'Tune',303,'User',2,'tune.create',NULL,NULL,NULL,'2018-03-29 16:01:57.942210','2018-03-29 16:01:57.942210');
INSERT INTO "activities" VALUES(13,'Repertoire',568,'User',2,'repertoire.create',NULL,NULL,NULL,'2018-03-29 16:02:01.678276','2018-03-29 16:02:01.678276');
INSERT INTO "activities" VALUES(14,'Repertoire',569,'User',4,'repertoire.create',NULL,NULL,NULL,'2018-04-18 12:45:28.121733','2018-04-18 12:45:28.121733');
INSERT INTO "activities" VALUES(15,'Comment',28,'User',2,'comment.create',NULL,NULL,NULL,'2018-04-24 22:43:48.265714','2018-04-24 22:43:48.265714');
INSERT INTO "activities" VALUES(16,'Comment',29,'User',2,'comment.create',NULL,NULL,NULL,'2018-04-24 22:44:18.503245','2018-04-24 22:44:18.503245');
INSERT INTO "activities" VALUES(17,'Comment',30,'User',2,'comment.create',NULL,NULL,NULL,'2018-04-25 17:13:13.551837','2018-04-25 17:13:13.551837');
INSERT INTO "activities" VALUES(18,'Comment',31,'User',2,'comment.create',NULL,NULL,NULL,'2018-04-25 17:14:02.733418','2018-04-25 17:14:02.733418');
INSERT INTO "activities" VALUES(19,'Repertoire',571,'User',2,'repertoire.create',NULL,NULL,NULL,'2018-09-11 15:33:38.106776','2018-09-11 15:33:38.106776');
INSERT INTO "activities" VALUES(20,'Repertoire',572,'User',2,'repertoire.create',NULL,NULL,NULL,'2018-09-11 15:52:09.736199','2018-09-11 15:52:09.736199');
INSERT INTO "activities" VALUES(21,'Repertoire',573,'User',2,'repertoire.create',NULL,NULL,NULL,'2018-09-11 16:58:02.106347','2018-09-11 16:58:02.106347');
INSERT INTO "activities" VALUES(22,'Repertoire',573,'User',2,'repertoire.create',NULL,NULL,NULL,'2018-09-17 21:37:40.645436','2018-09-17 21:37:40.645436');
INSERT INTO "activities" VALUES(23,'Repertoire',574,'User',2,'repertoire.create',NULL,NULL,NULL,'2018-09-18 00:26:49.941684','2018-09-18 00:26:49.941684');
INSERT INTO "activities" VALUES(24,'Repertoire',575,'User',2,'repertoire.create',NULL,NULL,NULL,'2018-09-18 16:48:05.202317','2018-09-18 16:48:05.202317');
INSERT INTO "activities" VALUES(25,'Repertoire',576,'User',2,'repertoire.create',NULL,NULL,NULL,'2018-09-18 21:03:25.009507','2018-09-18 21:03:25.009507');
INSERT INTO "activities" VALUES(26,'Repertoire',577,'User',2,'repertoire.create',NULL,NULL,NULL,'2018-09-19 02:42:18.985529','2018-09-19 02:42:18.985529');
INSERT INTO "activities" VALUES(27,'Repertoire',578,'User',2,'repertoire.create',NULL,NULL,NULL,'2018-09-19 02:42:37.775869','2018-09-19 02:42:37.775869');
INSERT INTO "activities" VALUES(28,'Repertoire',579,'User',3,'repertoire.create',NULL,NULL,NULL,'2018-09-23 14:33:46.205399','2018-09-23 14:33:46.205399');
INSERT INTO "activities" VALUES(29,'Repertoire',580,'User',2,'repertoire.create',NULL,NULL,NULL,'2018-09-30 14:06:41.864200','2018-09-30 14:06:41.864200');
INSERT INTO "activities" VALUES(30,'Repertoire',581,'User',2,'repertoire.create',NULL,NULL,NULL,'2018-09-30 14:07:32.896164','2018-09-30 14:07:32.896164');
INSERT INTO "activities" VALUES(31,'Repertoire',582,'User',2,'repertoire.create',NULL,NULL,NULL,'2018-10-12 14:53:39.316489','2018-10-12 14:53:39.316489');
INSERT INTO "activities" VALUES(32,'Repertoire',583,'User',2,'repertoire.create',NULL,NULL,NULL,'2018-10-12 18:23:54.987839','2018-10-12 18:23:54.987839');
INSERT INTO "activities" VALUES(33,'Repertoire',584,'User',2,'repertoire.create',NULL,NULL,NULL,'2018-10-25 14:32:03.563656','2018-10-25 14:32:03.563656');
INSERT INTO "activities" VALUES(34,'Repertoire',585,'User',2,'repertoire.create',NULL,NULL,NULL,'2018-10-25 16:36:48.387642','2018-10-25 16:36:48.387642');
INSERT INTO "activities" VALUES(35,'Repertoire',586,'User',2,'repertoire.create',NULL,NULL,NULL,'2018-10-30 21:07:48.245203','2018-10-30 21:07:48.245203');
INSERT INTO "activities" VALUES(36,'Repertoire',587,'User',2,'repertoire.create',NULL,NULL,NULL,'2018-11-01 20:36:38.639999','2018-11-01 20:36:38.639999');
INSERT INTO "activities" VALUES(37,'Repertoire',588,'User',2,'repertoire.create',NULL,NULL,NULL,'2018-11-01 20:36:57.680831','2018-11-01 20:36:57.680831');
INSERT INTO "activities" VALUES(38,'Tune',304,'User',2,'tune.create',NULL,NULL,NULL,'2018-11-08 19:23:48.017743','2018-11-08 19:23:48.017743');
INSERT INTO "activities" VALUES(39,'Repertoire',589,'User',2,'repertoire.create',NULL,NULL,NULL,'2018-11-08 21:23:45.930918','2018-11-08 21:23:45.930918');
CREATE TABLE "progressions" ("id" INTEGER PRIMARY KEY AUTOINCREMENT NOT NULL, "part_number" integer, "created_at" datetime NOT NULL, "updated_at" datetime NOT NULL, "chord_list" varchar, "chart_id" integer);
INSERT INTO "progressions" VALUES(1,1,'2017-05-19 20:43:18.980854','2017-05-19 20:43:18.980854','Am C E Am',1);
INSERT INTO "progressions" VALUES(3,1,'2017-05-19 21:50:10.184960','2017-05-19 21:50:10.184960','Am7 C9 E7 Am7',2);
INSERT INTO "progressions" VALUES(4,2,'2017-05-19 21:50:10.186068','2017-05-19 22:36:49.716775','F9 C#7 Dm7 Esus4 Am7',2);
INSERT INTO "progressions" VALUES(5,1,'2017-05-20 12:43:51.014160','2017-05-20 12:43:51.014160','D G D G D',3);
INSERT INTO "progressions" VALUES(6,2,'2017-05-20 12:43:51.015196','2017-05-20 12:43:51.015196','D G D G D',3);
INSERT INTO "progressions" VALUES(7,1,'2017-05-20 12:55:22.794292','2017-05-20 12:55:22.794292','C F C G',4);
INSERT INTO "progressions" VALUES(8,2,'2017-05-20 12:55:22.795261','2017-05-20 12:55:22.795261','C C7 F G C',4);
INSERT INTO "progressions" VALUES(9,1,'2017-05-20 12:57:28.049738','2017-05-20 12:57:28.049738','C F C G C F C G7 C',5);
INSERT INTO "progressions" VALUES(10,1,'2017-05-20 13:04:48.971284','2017-05-20 13:04:48.971284','A B C D',6);
INSERT INTO "progressions" VALUES(13,2,'2017-05-21 22:38:34.365734','2017-05-21 22:38:34.365734','F G C Am',1);
INSERT INTO "progressions" VALUES(16,1,'2017-05-21 23:30:35.261700','2017-05-21 23:30:35.261700','A B C D',7);
INSERT INTO "progressions" VALUES(17,2,'2017-05-21 23:30:35.263048','2017-05-21 23:30:35.263048','E F G A',7);
INSERT INTO "progressions" VALUES(18,2,'2017-06-01 22:29:46.682772','2017-06-01 22:29:46.682772','A D E A',6);
INSERT INTO "progressions" VALUES(19,1,'2017-06-01 22:31:31.157166','2017-06-01 22:31:31.157166','C F G7 C',8);
INSERT INTO "progressions" VALUES(20,2,'2017-08-10 22:18:04.639169','2017-08-14 19:34:27.956612',NULL,8);
INSERT INTO "progressions" VALUES(21,1,'2017-08-14 21:56:11.334027','2017-08-14 21:56:11.334027',NULL,9);
INSERT INTO "progressions" VALUES(22,2,'2017-08-14 21:56:11.338413','2017-08-14 21:56:11.338413',NULL,9);
INSERT INTO "progressions" VALUES(23,1,'2017-08-16 14:38:13.478767','2017-08-16 14:38:13.478767',NULL,10);
INSERT INTO "progressions" VALUES(24,2,'2017-08-16 14:38:13.488452','2017-08-16 14:38:13.488452',NULL,10);
INSERT INTO "progressions" VALUES(25,3,'2017-08-16 14:38:13.492986','2017-08-16 14:38:13.492986',NULL,10);
INSERT INTO "progressions" VALUES(26,1,'2017-08-17 21:48:39.202008','2017-08-17 21:48:39.202008',NULL,11);
INSERT INTO "progressions" VALUES(27,2,'2017-08-17 21:48:39.268609','2017-08-17 21:48:39.268609',NULL,11);
INSERT INTO "progressions" VALUES(28,1,'2017-08-17 22:18:13.297709','2017-08-17 22:18:13.297709',NULL,12);
INSERT INTO "progressions" VALUES(29,1,'2017-08-21 20:05:26.641938','2017-08-21 20:05:26.641938',NULL,13);
INSERT INTO "progressions" VALUES(30,2,'2017-08-21 20:05:26.647568','2017-08-21 20:05:26.647568',NULL,13);
INSERT INTO "progressions" VALUES(31,1,'2017-08-21 20:10:46.688941','2017-08-21 20:10:46.688941',NULL,14);
INSERT INTO "progressions" VALUES(32,2,'2017-08-21 20:10:46.693798','2017-08-21 20:10:46.693798',NULL,14);
INSERT INTO "progressions" VALUES(33,1,'2017-08-22 22:24:04.467062','2017-08-22 22:24:04.467062',NULL,15);
INSERT INTO "progressions" VALUES(34,2,'2017-08-22 22:24:04.472292','2017-08-22 22:24:04.472292',NULL,15);
INSERT INTO "progressions" VALUES(36,1,'2017-09-08 16:32:47.145096','2017-09-08 16:32:47.145096',NULL,16);
INSERT INTO "progressions" VALUES(37,1,'2017-09-08 21:17:46.569891','2017-09-08 21:17:46.569891',NULL,17);
INSERT INTO "progressions" VALUES(38,2,'2017-09-08 21:21:16.761757','2017-09-08 21:21:16.761757',NULL,17);
INSERT INTO "progressions" VALUES(39,1,'2017-09-08 21:30:10.144063','2017-09-08 21:30:10.144063',NULL,18);
INSERT INTO "progressions" VALUES(40,1,'2018-04-17 22:38:52.881158','2018-04-17 22:38:52.881158',NULL,19);
INSERT INTO "progressions" VALUES(41,1,'2018-04-23 22:00:45.360197','2018-04-23 22:00:45.360197',NULL,20);
CREATE TABLE "chords" ("id" INTEGER PRIMARY KEY AUTOINCREMENT NOT NULL, "name" varchar, "created_at" datetime NOT NULL, "updated_at" datetime NOT NULL);
CREATE TABLE "charts" ("id" INTEGER PRIMARY KEY AUTOINCREMENT NOT NULL, "name" varchar, "created_at" datetime NOT NULL, "updated_at" datetime NOT NULL, "tune_id" integer);
INSERT INTO "charts" VALUES(1,'Simple Version','2017-05-19 18:31:49.691389','2017-05-19 18:31:49.691389',300);
INSERT INTO "charts" VALUES(2,'Best prog ever','2017-05-19 21:50:10.183441','2017-05-19 21:50:10.183441',300);
INSERT INTO "charts" VALUES(3,'Simple','2017-05-20 12:43:51.012834','2017-05-20 12:43:51.012834',2);
INSERT INTO "charts" VALUES(4,'Old Time version','2017-05-20 12:55:22.793059','2017-05-20 12:55:22.793059',291);
INSERT INTO "charts" VALUES(5,'Monroe version in C','2017-05-20 12:57:28.048315','2017-05-20 12:57:28.048315',288);
INSERT INTO "charts" VALUES(6,'Crazy version','2017-05-20 13:04:48.969725','2017-05-20 13:04:48.969725',299);
INSERT INTO "charts" VALUES(7,'','2017-05-21 23:27:57.761068','2017-05-21 23:27:57.761068',301);
INSERT INTO "charts" VALUES(8,'','2017-06-01 22:31:31.153641','2017-06-01 22:31:31.153641',302);
INSERT INTO "charts" VALUES(9,'','2017-08-14 21:56:11.297196','2017-08-14 21:56:11.297196',302);
INSERT INTO "charts" VALUES(10,'long chart','2017-08-16 14:38:13.475893','2017-08-16 14:38:13.475893',302);
INSERT INTO "charts" VALUES(11,'','2017-08-17 21:48:39.183636','2017-08-17 21:48:39.183636',302);
INSERT INTO "charts" VALUES(12,'','2017-08-17 22:18:13.295965','2017-08-17 22:18:13.295965',277);
INSERT INTO "charts" VALUES(13,'traditional','2017-08-21 20:05:26.639933','2017-08-21 20:05:26.639933',234);
INSERT INTO "charts" VALUES(14,'trad','2017-08-21 20:10:46.687425','2017-08-21 20:10:46.687425',280);
INSERT INTO "charts" VALUES(15,'weird version','2017-08-22 22:24:04.431608','2017-08-22 22:24:04.431608',2);
INSERT INTO "charts" VALUES(16,'test','2017-09-08 16:32:03.399488','2017-09-08 16:32:03.399488',293);
INSERT INTO "charts" VALUES(17,'test','2017-09-08 21:17:46.567079','2017-09-08 21:17:46.567079',292);
INSERT INTO "charts" VALUES(18,'test2','2017-09-08 21:30:10.141780','2017-09-08 21:30:10.141780',292);
INSERT INTO "charts" VALUES(19,'standard version','2018-04-17 22:38:52.875620','2018-04-17 22:38:52.875620',303);
INSERT INTO "charts" VALUES(20,'aadfad','2018-04-23 22:00:45.357303','2018-04-23 22:00:45.357303',17);
CREATE TABLE "jams_tunes" ("jam_id" integer NOT NULL, "tune_id" integer NOT NULL);
CREATE TABLE "measures" ("id" INTEGER PRIMARY KEY AUTOINCREMENT NOT NULL, "body" varchar, "progression_id" integer, "created_at" datetime NOT NULL, "updated_at" datetime NOT NULL);
INSERT INTO "measures" VALUES(1,'A - G -',19,'2017-08-10 22:18:04.633932','2017-08-25 10:09:43.768546');
INSERT INTO "measures" VALUES(2,'G - A -',19,'2017-08-10 22:18:04.636149','2017-08-25 10:09:43.771263');
INSERT INTO "measures" VALUES(3,'A - G -',19,'2017-08-10 22:18:04.637671','2017-08-25 10:09:43.774454');
INSERT INTO "measures" VALUES(4,'D - A -',20,'2017-08-10 22:18:04.640295','2017-08-25 10:09:43.777727');
INSERT INTO "measures" VALUES(5,'D - A -',20,'2017-08-10 22:18:04.641534','2017-08-25 10:09:43.778912');
INSERT INTO "measures" VALUES(6,'D - A -',20,'2017-08-10 22:18:04.642653','2017-08-25 10:09:43.780200');
INSERT INTO "measures" VALUES(7,'D - E A',20,'2017-08-10 22:18:04.643625','2017-08-25 10:09:43.781422');
INSERT INTO "measures" VALUES(8,'X Y',21,'2017-08-14 21:56:11.336157','2017-08-14 21:56:11.336157');
INSERT INTO "measures" VALUES(9,'X Y Z',21,'2017-08-14 21:56:11.337277','2017-08-14 21:56:11.337277');
INSERT INTO "measures" VALUES(10,'Y Z',22,'2017-08-14 21:56:11.339524','2017-08-14 21:56:11.339524');
INSERT INTO "measures" VALUES(11,'Z Z Z',22,'2017-08-14 21:56:11.340485','2017-08-14 21:56:11.340485');
INSERT INTO "measures" VALUES(12,'G C G C',23,'2017-08-16 14:38:13.479842','2017-08-16 14:38:13.479842');
INSERT INTO "measures" VALUES(13,'G A D',23,'2017-08-16 14:38:13.480901','2017-08-16 14:38:13.480901');
INSERT INTO "measures" VALUES(14,'G C D',23,'2017-08-16 14:38:13.481875','2017-08-16 14:38:13.481875');
INSERT INTO "measures" VALUES(15,'G C D7 G',23,'2017-08-16 14:38:13.482759','2017-08-16 14:38:13.482759');
INSERT INTO "measures" VALUES(16,'G C G C',23,'2017-08-16 14:38:13.483574','2017-08-16 14:38:13.483574');
INSERT INTO "measures" VALUES(17,'G A D',23,'2017-08-16 14:38:13.485087','2017-08-16 14:38:13.485087');
INSERT INTO "measures" VALUES(18,'G F G F',23,'2017-08-16 14:38:13.486048','2017-08-16 14:38:13.486048');
INSERT INTO "measures" VALUES(19,'C D G',23,'2017-08-16 14:38:13.487277','2017-08-16 14:38:13.487277');
INSERT INTO "measures" VALUES(20,'Em F G',24,'2017-08-16 14:38:13.489359','2017-08-16 14:38:13.489359');
INSERT INTO "measures" VALUES(21,'F G D',24,'2017-08-16 14:38:13.490223','2017-08-16 14:38:13.490223');
INSERT INTO "measures" VALUES(22,'Em F',24,'2017-08-16 14:38:13.491194','2017-08-16 14:38:13.491194');
INSERT INTO "measures" VALUES(23,'C D G',24,'2017-08-16 14:38:13.492067','2017-08-16 14:38:13.492067');
INSERT INTO "measures" VALUES(24,'G C',25,'2017-08-16 14:38:13.493859','2017-08-16 14:38:13.493859');
INSERT INTO "measures" VALUES(25,'G C',25,'2017-08-16 14:38:13.494860','2017-08-16 14:38:13.494860');
INSERT INTO "measures" VALUES(26,'H J K L',26,'2017-08-17 21:48:39.203455','2017-08-17 21:48:39.203455');
INSERT INTO "measures" VALUES(27,'H J',26,'2017-08-17 21:48:39.204687','2017-08-17 21:48:39.204687');
INSERT INTO "measures" VALUES(28,'K L',26,'2017-08-17 21:48:39.205628','2017-08-17 21:48:39.205628');
INSERT INTO "measures" VALUES(29,'H J K L',26,'2017-08-17 21:48:39.267380','2017-08-17 21:48:39.267380');
INSERT INTO "measures" VALUES(30,'A B C D',27,'2017-08-17 21:48:39.269562','2017-08-17 21:48:39.269562');
INSERT INTO "measures" VALUES(31,'E F G H',27,'2017-08-17 21:48:39.270554','2017-08-17 21:48:39.270554');
INSERT INTO "measures" VALUES(32,'G',28,'2017-08-17 22:18:13.298712','2017-08-17 22:18:13.298712');
INSERT INTO "measures" VALUES(33,'C D',28,'2017-08-17 22:18:13.299664','2017-08-17 22:18:13.299664');
INSERT INTO "measures" VALUES(34,'G',28,'2017-08-17 22:18:13.300456','2017-08-17 22:18:13.300456');
INSERT INTO "measures" VALUES(35,'D -',5,'2017-08-19 12:34:27.833643','2017-08-25 10:15:35.919885');
INSERT INTO "measures" VALUES(36,'D G',5,'2017-08-19 12:34:27.835445','2017-08-19 12:34:27.835445');
INSERT INTO "measures" VALUES(37,'D -',5,'2017-08-19 12:34:27.836332','2017-08-25 10:15:35.921496');
INSERT INTO "measures" VALUES(38,'G D',5,'2017-08-19 12:34:27.837260','2017-08-19 12:34:27.837260');
INSERT INTO "measures" VALUES(39,'D -',6,'2017-08-19 12:34:27.838779','2017-08-25 10:15:35.923485');
INSERT INTO "measures" VALUES(40,'D G',6,'2017-08-19 12:34:27.839710','2017-08-19 12:34:27.839710');
INSERT INTO "measures" VALUES(41,'D -',6,'2017-08-19 12:34:27.840574','2017-08-25 10:15:35.924833');
INSERT INTO "measures" VALUES(42,'G D',6,'2017-08-19 12:34:27.841496','2017-08-19 12:34:27.841496');
INSERT INTO "measures" VALUES(43,'A',29,'2017-08-21 20:05:26.643129','2017-08-21 20:05:26.643129');
INSERT INTO "measures" VALUES(44,'A D',29,'2017-08-21 20:05:26.644228','2017-08-21 20:05:26.644228');
INSERT INTO "measures" VALUES(45,'A',29,'2017-08-21 20:05:26.645151','2017-08-21 20:05:26.645151');
INSERT INTO "measures" VALUES(46,'A D',29,'2017-08-21 20:05:26.646519','2017-08-21 20:05:26.646519');
INSERT INTO "measures" VALUES(47,'A',30,'2017-08-21 20:05:26.648573','2017-08-21 20:05:26.648573');
INSERT INTO "measures" VALUES(48,'D E',30,'2017-08-21 20:05:26.649545','2017-08-21 20:05:26.649545');
INSERT INTO "measures" VALUES(49,'A',30,'2017-08-21 20:05:26.666727','2017-08-21 20:05:26.666727');
INSERT INTO "measures" VALUES(50,'A D E A',30,'2017-08-21 20:05:26.667956','2017-08-21 20:05:26.667956');
INSERT INTO "measures" VALUES(51,'D',31,'2017-08-21 20:10:46.689955','2017-08-21 20:10:46.689955');
INSERT INTO "measures" VALUES(52,'G A',31,'2017-08-21 20:10:46.690954','2017-08-21 20:10:46.690954');
INSERT INTO "measures" VALUES(53,'D',31,'2017-08-21 20:10:46.691807','2017-08-22 21:11:07.064745');
INSERT INTO "measures" VALUES(54,'G A D',31,'2017-08-21 20:10:46.692708','2017-08-21 20:10:46.692708');
INSERT INTO "measures" VALUES(55,'D',32,'2017-08-21 20:10:46.695398','2017-08-21 20:10:46.695398');
INSERT INTO "measures" VALUES(56,'Em A',32,'2017-08-21 20:10:46.696850','2017-08-21 20:10:46.696850');
INSERT INTO "measures" VALUES(57,'D A G D',32,'2017-08-21 20:10:46.698320','2017-08-21 20:10:46.698320');
INSERT INTO "measures" VALUES(58,'G D A D',32,'2017-08-21 20:10:46.699840','2017-08-21 20:10:46.699840');
INSERT INTO "measures" VALUES(59,'Am C',1,'2017-08-22 11:59:26.261881','2017-08-22 11:59:26.261881');
INSERT INTO "measures" VALUES(60,'D Am',1,'2017-08-22 11:59:26.263629','2017-08-22 11:59:26.263629');
INSERT INTO "measures" VALUES(61,'C G',13,'2017-08-22 11:59:26.265195','2017-08-22 11:59:26.265195');
INSERT INTO "measures" VALUES(62,'F Am',13,'2017-08-22 11:59:26.266143','2017-08-22 11:59:26.266143');
INSERT INTO "measures" VALUES(63,'A F#m',10,'2017-08-22 12:16:14.505140','2017-08-22 12:16:14.505140');
INSERT INTO "measures" VALUES(64,'D E7',10,'2017-08-22 12:16:14.508466','2017-08-22 12:16:14.508466');
INSERT INTO "measures" VALUES(65,'A F#m',10,'2017-08-22 12:16:14.509765','2017-08-22 12:16:14.509765');
INSERT INTO "measures" VALUES(66,'D E7 A',10,'2017-08-22 12:16:14.512065','2017-08-22 12:16:14.512065');
INSERT INTO "measures" VALUES(67,'F#m Bm',18,'2017-08-22 12:16:14.514308','2017-08-22 12:16:14.514308');
INSERT INTO "measures" VALUES(68,'D E7',18,'2017-08-22 12:16:14.516136','2017-08-22 12:16:14.516136');
INSERT INTO "measures" VALUES(69,'F#m Bm',18,'2017-08-22 12:16:14.517173','2017-08-22 12:16:14.517173');
INSERT INTO "measures" VALUES(70,'A E7 A',18,'2017-08-22 12:16:14.519570','2017-08-22 12:16:14.519570');
INSERT INTO "measures" VALUES(71,'Am D7',33,'2017-08-22 22:24:04.469188','2017-08-22 22:24:04.469188');
INSERT INTO "measures" VALUES(72,'Am D7',33,'2017-08-22 22:24:04.470795','2017-08-22 22:24:04.470795');
INSERT INTO "measures" VALUES(73,'Am Bm',34,'2017-08-22 22:24:04.473697','2017-08-22 22:24:04.473697');
INSERT INTO "measures" VALUES(74,'Am Bm',34,'2017-08-22 22:24:04.475063','2017-08-22 22:24:04.475063');
INSERT INTO "measures" VALUES(75,'D - G A',19,'2017-08-25 10:09:43.775718','2017-08-25 10:09:43.775718');
INSERT INTO "measures" VALUES(76,'A E A -',35,'2017-09-08 16:32:03.407024','2017-09-08 16:32:03.407024');
INSERT INTO "measures" VALUES(77,'E - A -',35,'2017-09-08 16:32:03.410411','2017-09-08 16:32:03.410411');
INSERT INTO "measures" VALUES(78,'A E A E',36,'2017-09-08 16:32:47.147088','2017-09-08 16:32:47.147088');
INSERT INTO "measures" VALUES(79,'E - A -',36,'2017-09-08 16:32:47.148793','2017-09-08 16:32:47.148793');
INSERT INTO "measures" VALUES(80,'Edim7 - A -',37,'2017-09-08 21:17:46.571424','2017-09-08 21:17:46.571424');
INSERT INTO "measures" VALUES(81,'A - Am -',37,'2017-09-08 21:17:46.572759','2017-09-08 21:17:46.572759');
INSERT INTO "measures" VALUES(82,'F#dim - A -',37,'2017-09-08 21:17:46.573953','2017-09-08 21:17:46.573953');
INSERT INTO "measures" VALUES(83,'Amdim7 - - -',38,'2017-09-08 21:21:16.764337','2017-09-08 21:21:16.764337');
INSERT INTO "measures" VALUES(84,'Bbdim7 - A -',38,'2017-09-08 21:21:16.766421','2017-09-08 21:21:16.766421');
INSERT INTO "measures" VALUES(85,'A B C',39,'2017-09-08 21:30:10.145776','2017-09-08 21:30:10.145776');
INSERT INTO "measures" VALUES(86,'D E F',39,'2017-09-08 21:30:10.147408','2017-09-08 21:30:10.147408');
INSERT INTO "measures" VALUES(87,'C - F -',40,'2018-04-17 22:38:52.883267','2018-04-17 22:38:52.883267');
INSERT INTO "measures" VALUES(88,'C - F -',40,'2018-04-17 22:38:52.884823','2018-04-17 22:38:52.884823');
INSERT INTO "measures" VALUES(89,'C - F -',40,'2018-04-17 22:38:52.886120','2018-04-17 22:38:52.886120');
INSERT INTO "measures" VALUES(90,'G - - C',40,'2018-04-17 22:38:52.887203','2018-04-17 22:38:52.887203');
INSERT INTO "measures" VALUES(91,'A - B -',41,'2018-04-23 22:00:45.361971','2018-04-23 22:00:45.361971');
INSERT INTO "measures" VALUES(92,'C - A -',41,'2018-04-23 22:00:45.363524','2018-04-23 22:00:45.363524');
CREATE TABLE "comments" ("id" INTEGER PRIMARY KEY AUTOINCREMENT NOT NULL, "body" text, "commentable_id" integer, "commentable_type" varchar, "created_at" datetime NOT NULL, "updated_at" datetime NOT NULL, "user_id" integer);
INSERT INTO "comments" VALUES(1,'what a helpful resource',1,'Tune','2018-04-17 15:58:20.131876','2018-04-17 15:58:20.131876',NULL);
INSERT INTO "comments" VALUES(2,'i agree with you, very helpful',1,'Comment','2018-04-17 15:58:50.056493','2018-04-17 15:58:50.056493',NULL);
INSERT INTO "comments" VALUES(3,'Crazy song! Weird lyrics',303,'Tune','2018-04-17 16:09:32.735568','2018-04-17 16:09:32.735568',NULL);
INSERT INTO "comments" VALUES(4,'this song reminds me of old times',303,'Tune','2018-04-17 16:10:03.399496','2018-04-17 16:10:03.399496',NULL);
INSERT INTO "comments" VALUES(5,'I know right!?!?',3,'Comment','2018-04-17 16:10:15.804988','2018-04-17 16:10:15.804988',NULL);
INSERT INTO "comments" VALUES(6,'yeahhhh big blue sky is the shittteee',302,'Tune','2018-04-17 16:13:47.480466','2018-04-17 16:13:47.480466',NULL);
INSERT INTO "comments" VALUES(7,'I doooooooooooooo love this tune!',303,'Tune','2018-04-17 19:06:32.809855','2018-04-17 19:06:32.809855',2);
INSERT INTO "comments" VALUES(8,'Totally cray cray cray. I MEAN IT',5,'Comment','2018-04-17 20:34:26.287141','2018-04-18 17:11:05.040014',2);
INSERT INTO "comments" VALUES(9,'I actually think the lyrics are totally normal and good (for the most part, some are kinda bad i guess)',3,'Comment','2018-04-17 20:40:14.688113','2018-04-18 17:11:40.965198',2);
INSERT INTO "comments" VALUES(10,'Yup totally crazzzzzyyy',8,'Comment','2018-04-18 11:43:10.048490','2018-04-18 11:43:10.048490',2);
INSERT INTO "comments" VALUES(11,'New thread test test test. I think this song is actually pretty bad. LIKE FOR REAL REEEEL',303,'Tune','2018-04-18 11:43:34.814079','2018-04-18 18:09:14.188042',2);
INSERT INTO "comments" VALUES(12,'I am an angry gorilla and I agree',9,'Comment','2018-04-18 12:45:53.554822','2018-04-18 12:45:53.554822',4);
INSERT INTO "comments" VALUES(18,'i meannnn reaal coooooooll swang man! LIKE REALLY COOLLLL! I LOVE YOU! AHHHHHHHHHHHH!',11,'Comment','2018-04-18 20:05:54.961073','2018-04-18 20:06:11.196381',4);
INSERT INTO "comments" VALUES(19,'what if i try a linkkkkk: https://youtu.be/dmJefsOErr0',18,'Comment','2018-04-18 20:07:03.777166','2018-04-18 20:07:03.777166',4);
INSERT INTO "comments" VALUES(22,'test test test',24,'Jam','2018-04-20 12:52:32.384820','2018-04-20 12:52:32.384820',2);
INSERT INTO "comments" VALUES(23,'hiiiiiiiiiiiiiiiiiiiii',22,'Comment','2018-04-20 12:52:56.213069','2018-04-20 12:52:56.213069',2);
INSERT INTO "comments" VALUES(24,'test test test',25,'Jam','2018-04-23 22:17:27.992399','2018-04-23 22:17:27.992399',2);
INSERT INTO "comments" VALUES(25,'uh ohhhhhhhhhhhhhhhh',24,'Comment','2018-04-23 22:17:37.861079','2018-04-23 22:17:37.861079',2);
INSERT INTO "comments" VALUES(26,'weee haaaa!',25,'Jam','2018-04-23 22:17:43.851566','2018-04-23 22:17:43.851566',2);
INSERT INTO "comments" VALUES(27,'this song is meh',301,'Tune','2018-04-24 22:40:53.855460','2018-04-24 22:40:53.855460',2);
INSERT INTO "comments" VALUES(28,'i like the sky',302,'Tune','2018-04-24 22:43:48.147403','2018-04-24 22:43:48.147403',2);
INSERT INTO "comments" VALUES(30,'Best jam of alllllllll time!',24,'Jam','2018-04-25 17:13:13.493232','2018-04-25 17:13:13.493232',2);
INSERT INTO "comments" VALUES(31,'weee haaa SWING!',26,'Comment','2018-04-25 17:14:02.690719','2018-04-25 17:14:02.690719',2);
CREATE TABLE "repertoires" ("id" INTEGER PRIMARY KEY AUTOINCREMENT NOT NULL, "user_id" integer, "tune_id" integer, "created_at" datetime, "updated_at" datetime);
INSERT INTO "repertoires" VALUES(3,3,2,'2018-10-12 18:00:07.123375','2018-10-12 18:00:07.123488');
INSERT INTO "repertoires" VALUES(4,7,2,'2018-10-12 18:00:07.224444','2018-10-12 18:00:07.224508');
INSERT INTO "repertoires" VALUES(5,5,2,'2018-10-12 18:00:07.239635','2018-10-12 18:00:07.239688');
INSERT INTO "repertoires" VALUES(6,6,2,'2018-10-12 18:00:07.256323','2018-10-12 18:00:07.256380');
INSERT INTO "repertoires" VALUES(7,3,3,'2018-10-12 18:00:07.271813','2018-10-12 18:00:07.271870');
INSERT INTO "repertoires" VALUES(8,2,4,'2018-10-12 18:00:07.290693','2018-10-12 18:00:07.290768');
INSERT INTO "repertoires" VALUES(9,2,5,'2018-10-12 18:00:07.312355','2018-10-12 18:00:07.313552');
INSERT INTO "repertoires" VALUES(10,3,5,'2018-10-12 18:00:07.334627','2018-10-12 18:00:07.334715');
INSERT INTO "repertoires" VALUES(11,7,5,'2018-10-12 18:00:07.358967','2018-10-12 18:00:07.359038');
INSERT INTO "repertoires" VALUES(12,5,5,'2018-10-12 18:00:07.387727','2018-10-12 18:00:07.387788');
INSERT INTO "repertoires" VALUES(13,6,5,'2018-10-12 18:00:07.406533','2018-10-12 18:00:07.406614');
INSERT INTO "repertoires" VALUES(14,2,6,'2018-10-12 18:00:07.424737','2018-10-12 18:00:07.424794');
INSERT INTO "repertoires" VALUES(15,3,6,'2018-10-12 18:00:07.442630','2018-10-12 18:00:07.442693');
INSERT INTO "repertoires" VALUES(16,2,7,'2018-10-12 18:00:07.462429','2018-10-12 18:00:07.462504');
INSERT INTO "repertoires" VALUES(17,3,7,'2018-10-12 18:00:07.487938','2018-10-12 18:00:07.487994');
INSERT INTO "repertoires" VALUES(18,7,7,'2018-10-12 18:00:07.505303','2018-10-12 18:00:07.505364');
INSERT INTO "repertoires" VALUES(19,2,8,'2018-10-12 18:00:07.523449','2018-10-12 18:00:07.523508');
INSERT INTO "repertoires" VALUES(20,3,8,'2018-10-12 18:00:07.540279','2018-10-12 18:00:07.540335');
INSERT INTO "repertoires" VALUES(21,7,8,'2018-10-12 18:00:07.559368','2018-10-12 18:00:07.559479');
INSERT INTO "repertoires" VALUES(22,2,9,'2018-10-12 18:00:07.578962','2018-10-12 18:00:07.579029');
INSERT INTO "repertoires" VALUES(23,3,9,'2018-10-12 18:00:07.599280','2018-10-12 18:00:07.599347');
INSERT INTO "repertoires" VALUES(24,2,10,'2018-10-12 18:00:07.618773','2018-10-12 18:00:07.618840');
INSERT INTO "repertoires" VALUES(25,3,10,'2018-10-12 18:00:07.638127','2018-10-12 18:00:07.638197');
INSERT INTO "repertoires" VALUES(26,2,11,'2018-10-12 18:00:07.655566','2018-10-12 18:00:07.655638');
INSERT INTO "repertoires" VALUES(27,3,11,'2018-10-12 18:00:07.676206','2018-10-12 18:00:07.676286');
INSERT INTO "repertoires" VALUES(28,7,11,'2018-10-12 18:00:07.695812','2018-10-12 18:00:07.695873');
INSERT INTO "repertoires" VALUES(29,3,12,'2018-10-12 18:00:07.714166','2018-10-12 18:00:07.714239');
INSERT INTO "repertoires" VALUES(30,2,13,'2018-10-12 18:00:07.731891','2018-10-12 18:00:07.731957');
INSERT INTO "repertoires" VALUES(31,3,13,'2018-10-12 18:00:07.750364','2018-10-12 18:00:07.750421');
INSERT INTO "repertoires" VALUES(32,7,13,'2018-10-12 18:00:07.766261','2018-10-12 18:00:07.766326');
INSERT INTO "repertoires" VALUES(33,6,13,'2018-10-12 18:00:07.782378','2018-10-12 18:00:07.782428');
INSERT INTO "repertoires" VALUES(34,2,14,'2018-10-12 18:00:07.798167','2018-10-12 18:00:07.798251');
INSERT INTO "repertoires" VALUES(35,3,14,'2018-10-12 18:00:07.824149','2018-10-12 18:00:07.824235');
INSERT INTO "repertoires" VALUES(36,2,15,'2018-10-12 18:00:07.843845','2018-10-12 18:00:07.843900');
INSERT INTO "repertoires" VALUES(37,3,15,'2018-10-12 18:00:07.859532','2018-10-12 18:00:07.859591');
INSERT INTO "repertoires" VALUES(38,7,15,'2018-10-12 18:00:07.875280','2018-10-12 18:00:07.875342');
INSERT INTO "repertoires" VALUES(39,2,16,'2018-10-12 18:00:07.911511','2018-10-12 18:00:07.911585');
INSERT INTO "repertoires" VALUES(40,3,16,'2018-10-12 18:00:07.927845','2018-10-12 18:00:07.927918');
INSERT INTO "repertoires" VALUES(41,7,16,'2018-10-12 18:00:07.947216','2018-10-12 18:00:07.947301');
INSERT INTO "repertoires" VALUES(42,2,17,'2018-10-12 18:00:07.964239','2018-10-12 18:00:07.964300');
INSERT INTO "repertoires" VALUES(43,3,17,'2018-10-12 18:00:07.978203','2018-10-12 18:00:07.978275');
INSERT INTO "repertoires" VALUES(44,7,17,'2018-10-12 18:00:07.991974','2018-10-12 18:00:07.992041');
INSERT INTO "repertoires" VALUES(45,5,17,'2018-10-12 18:00:08.006897','2018-10-12 18:00:08.006950');
INSERT INTO "repertoires" VALUES(46,6,17,'2018-10-12 18:00:08.020580','2018-10-12 18:00:08.020642');
INSERT INTO "repertoires" VALUES(47,2,18,'2018-10-12 18:00:08.034537','2018-10-12 18:00:08.034585');
INSERT INTO "repertoires" VALUES(48,3,18,'2018-10-12 18:00:08.051741','2018-10-12 18:00:08.051798');
INSERT INTO "repertoires" VALUES(49,7,18,'2018-10-12 18:00:08.066581','2018-10-12 18:00:08.066649');
INSERT INTO "repertoires" VALUES(50,2,19,'2018-10-12 18:00:08.082147','2018-10-12 18:00:08.082201');
INSERT INTO "repertoires" VALUES(51,3,19,'2018-10-12 18:00:08.098173','2018-10-12 18:00:08.098260');
INSERT INTO "repertoires" VALUES(52,7,19,'2018-10-12 18:00:08.114789','2018-10-12 18:00:08.114850');
INSERT INTO "repertoires" VALUES(53,2,20,'2018-10-12 18:00:08.131520','2018-10-12 18:00:08.131609');
INSERT INTO "repertoires" VALUES(54,3,20,'2018-10-12 18:00:08.147611','2018-10-12 18:00:08.147668');
INSERT INTO "repertoires" VALUES(55,2,21,'2018-10-12 18:00:08.162732','2018-10-12 18:00:08.162803');
INSERT INTO "repertoires" VALUES(56,3,21,'2018-10-12 18:00:08.191834','2018-10-12 18:00:08.191895');
INSERT INTO "repertoires" VALUES(57,2,22,'2018-10-12 18:00:08.207562','2018-10-12 18:00:08.207625');
INSERT INTO "repertoires" VALUES(58,3,22,'2018-10-12 18:00:08.222434','2018-10-12 18:00:08.222479');
INSERT INTO "repertoires" VALUES(59,7,22,'2018-10-12 18:00:08.239312','2018-10-12 18:00:08.239381');
INSERT INTO "repertoires" VALUES(60,5,22,'2018-10-12 18:00:08.253631','2018-10-12 18:00:08.253679');
INSERT INTO "repertoires" VALUES(61,6,22,'2018-10-12 18:00:08.267771','2018-10-12 18:00:08.267832');
INSERT INTO "repertoires" VALUES(62,2,23,'2018-10-12 18:00:08.282291','2018-10-12 18:00:08.282336');
INSERT INTO "repertoires" VALUES(63,3,23,'2018-10-12 18:00:08.298177','2018-10-12 18:00:08.298422');
INSERT INTO "repertoires" VALUES(64,2,24,'2018-10-12 18:00:08.312344','2018-10-12 18:00:08.312407');
INSERT INTO "repertoires" VALUES(65,3,24,'2018-10-12 18:00:08.327631','2018-10-12 18:00:08.327686');
INSERT INTO "repertoires" VALUES(66,2,25,'2018-10-12 18:00:08.342757','2018-10-12 18:00:08.342814');
INSERT INTO "repertoires" VALUES(67,3,25,'2018-10-12 18:00:08.356369','2018-10-12 18:00:08.356446');
INSERT INTO "repertoires" VALUES(68,2,26,'2018-10-12 18:00:08.371754','2018-10-12 18:00:08.371802');
INSERT INTO "repertoires" VALUES(69,3,26,'2018-10-12 18:00:08.386007','2018-10-12 18:00:08.386074');
INSERT INTO "repertoires" VALUES(70,7,26,'2018-10-12 18:00:08.400160','2018-10-12 18:00:08.400238');
INSERT INTO "repertoires" VALUES(71,5,26,'2018-10-12 18:00:08.414831','2018-10-12 18:00:08.414909');
INSERT INTO "repertoires" VALUES(72,6,26,'2018-10-12 18:00:08.427617','2018-10-12 18:00:08.427683');
INSERT INTO "repertoires" VALUES(73,2,27,'2018-10-12 18:00:08.441896','2018-10-12 18:00:08.441950');
INSERT INTO "repertoires" VALUES(74,3,27,'2018-10-12 18:00:08.456094','2018-10-12 18:00:08.456158');
INSERT INTO "repertoires" VALUES(75,3,28,'2018-10-12 18:00:08.469997','2018-10-12 18:00:08.470046');
INSERT INTO "repertoires" VALUES(76,2,29,'2018-10-12 18:00:08.486659','2018-10-12 18:00:08.486703');
INSERT INTO "repertoires" VALUES(77,3,29,'2018-10-12 18:00:08.501792','2018-10-12 18:00:08.501849');
INSERT INTO "repertoires" VALUES(78,2,30,'2018-10-12 18:00:08.516144','2018-10-12 18:00:08.516202');
INSERT INTO "repertoires" VALUES(79,2,31,'2018-10-12 18:00:08.531253','2018-10-12 18:00:08.531362');
INSERT INTO "repertoires" VALUES(80,3,31,'2018-10-12 18:00:08.547077','2018-10-12 18:00:08.547135');
INSERT INTO "repertoires" VALUES(81,7,31,'2018-10-12 18:00:08.566347','2018-10-12 18:00:08.566409');
INSERT INTO "repertoires" VALUES(82,2,32,'2018-10-12 18:00:08.591927','2018-10-12 18:00:08.591985');
INSERT INTO "repertoires" VALUES(83,2,33,'2018-10-12 18:00:08.608077','2018-10-12 18:00:08.608132');
INSERT INTO "repertoires" VALUES(84,3,33,'2018-10-12 18:00:08.623566','2018-10-12 18:00:08.623642');
INSERT INTO "repertoires" VALUES(85,7,33,'2018-10-12 18:00:08.638871','2018-10-12 18:00:08.638918');
INSERT INTO "repertoires" VALUES(86,2,34,'2018-10-12 18:00:08.654804','2018-10-12 18:00:08.654876');
INSERT INTO "repertoires" VALUES(87,3,34,'2018-10-12 18:00:08.670422','2018-10-12 18:00:08.670477');
INSERT INTO "repertoires" VALUES(88,7,34,'2018-10-12 18:00:08.686184','2018-10-12 18:00:08.686260');
INSERT INTO "repertoires" VALUES(89,2,35,'2018-10-12 18:00:08.702267','2018-10-12 18:00:08.702322');
INSERT INTO "repertoires" VALUES(90,3,35,'2018-10-12 18:00:08.718062','2018-10-12 18:00:08.718120');
INSERT INTO "repertoires" VALUES(91,3,36,'2018-10-12 18:00:08.734066','2018-10-12 18:00:08.734125');
INSERT INTO "repertoires" VALUES(92,2,37,'2018-10-12 18:00:08.749896','2018-10-12 18:00:08.749952');
INSERT INTO "repertoires" VALUES(93,3,37,'2018-10-12 18:00:08.770774','2018-10-12 18:00:08.770837');
INSERT INTO "repertoires" VALUES(94,7,37,'2018-10-12 18:00:08.786590','2018-10-12 18:00:08.786644');
INSERT INTO "repertoires" VALUES(95,2,38,'2018-10-12 18:00:08.800274','2018-10-12 18:00:08.800335');
INSERT INTO "repertoires" VALUES(96,3,38,'2018-10-12 18:00:08.815773','2018-10-12 18:00:08.815835');
INSERT INTO "repertoires" VALUES(97,2,39,'2018-10-12 18:00:08.840105','2018-10-12 18:00:08.840163');
INSERT INTO "repertoires" VALUES(98,3,39,'2018-10-12 18:00:08.855337','2018-10-12 18:00:08.855429');
INSERT INTO "repertoires" VALUES(99,3,40,'2018-10-12 18:00:08.869933','2018-10-12 18:00:08.870002');
INSERT INTO "repertoires" VALUES(100,2,41,'2018-10-12 18:00:08.884231','2018-10-12 18:00:08.884282');
INSERT INTO "repertoires" VALUES(101,3,41,'2018-10-12 18:00:08.899117','2018-10-12 18:00:08.899171');
INSERT INTO "repertoires" VALUES(102,2,42,'2018-10-12 18:00:08.912331','2018-10-12 18:00:08.912390');
INSERT INTO "repertoires" VALUES(103,3,42,'2018-10-12 18:00:08.926584','2018-10-12 18:00:08.926629');
INSERT INTO "repertoires" VALUES(104,7,42,'2018-10-12 18:00:08.940321','2018-10-12 18:00:08.940368');
INSERT INTO "repertoires" VALUES(105,2,43,'2018-10-12 18:00:08.953994','2018-10-12 18:00:08.954047');
INSERT INTO "repertoires" VALUES(106,3,43,'2018-10-12 18:00:08.969733','2018-10-12 18:00:08.969835');
INSERT INTO "repertoires" VALUES(107,7,43,'2018-10-12 18:00:08.984246','2018-10-12 18:00:08.984305');
INSERT INTO "repertoires" VALUES(108,2,44,'2018-10-12 18:00:08.998000','2018-10-12 18:00:08.998047');
INSERT INTO "repertoires" VALUES(109,3,44,'2018-10-12 18:00:09.011536','2018-10-12 18:00:09.011588');
INSERT INTO "repertoires" VALUES(110,7,44,'2018-10-12 18:00:09.026115','2018-10-12 18:00:09.026169');
INSERT INTO "repertoires" VALUES(111,2,45,'2018-10-12 18:00:09.042213','2018-10-12 18:00:09.042310');
INSERT INTO "repertoires" VALUES(112,3,45,'2018-10-12 18:00:09.059172','2018-10-12 18:00:09.059240');
INSERT INTO "repertoires" VALUES(113,5,45,'2018-10-12 18:00:09.071849','2018-10-12 18:00:09.071915');
INSERT INTO "repertoires" VALUES(114,2,46,'2018-10-12 18:00:09.086211','2018-10-12 18:00:09.086273');
INSERT INTO "repertoires" VALUES(115,3,46,'2018-10-12 18:00:09.100703','2018-10-12 18:00:09.100754');
INSERT INTO "repertoires" VALUES(116,2,48,'2018-10-12 18:00:09.122721','2018-10-12 18:00:09.122789');
INSERT INTO "repertoires" VALUES(117,3,48,'2018-10-12 18:00:09.138840','2018-10-12 18:00:09.138902');
INSERT INTO "repertoires" VALUES(118,2,49,'2018-10-12 18:00:09.151543','2018-10-12 18:00:09.151601');
INSERT INTO "repertoires" VALUES(119,3,49,'2018-10-12 18:00:09.166165','2018-10-12 18:00:09.166234');
INSERT INTO "repertoires" VALUES(120,7,49,'2018-10-12 18:00:09.187317','2018-10-12 18:00:09.187487');
INSERT INTO "repertoires" VALUES(121,2,50,'2018-10-12 18:00:09.204498','2018-10-12 18:00:09.204556');
INSERT INTO "repertoires" VALUES(122,3,50,'2018-10-12 18:00:09.220511','2018-10-12 18:00:09.220571');
INSERT INTO "repertoires" VALUES(123,7,50,'2018-10-12 18:00:09.243852','2018-10-12 18:00:09.243917');
INSERT INTO "repertoires" VALUES(124,2,51,'2018-10-12 18:00:09.256143','2018-10-12 18:00:09.256190');
INSERT INTO "repertoires" VALUES(125,3,51,'2018-10-12 18:00:09.269766','2018-10-12 18:00:09.269841');
INSERT INTO "repertoires" VALUES(126,2,52,'2018-10-12 18:00:09.284253','2018-10-12 18:00:09.284315');
INSERT INTO "repertoires" VALUES(127,3,52,'2018-10-12 18:00:09.298552','2018-10-12 18:00:09.298603');
INSERT INTO "repertoires" VALUES(128,7,52,'2018-10-12 18:00:09.312482','2018-10-12 18:00:09.312540');
INSERT INTO "repertoires" VALUES(129,2,53,'2018-10-12 18:00:09.330639','2018-10-12 18:00:09.330692');
INSERT INTO "repertoires" VALUES(130,3,53,'2018-10-12 18:00:09.346333','2018-10-12 18:00:09.346394');
INSERT INTO "repertoires" VALUES(131,2,54,'2018-10-12 18:00:09.362385','2018-10-12 18:00:09.362440');
INSERT INTO "repertoires" VALUES(132,7,54,'2018-10-12 18:00:09.388742','2018-10-12 18:00:09.388816');
INSERT INTO "repertoires" VALUES(133,2,55,'2018-10-12 18:00:09.404454','2018-10-12 18:00:09.404521');
INSERT INTO "repertoires" VALUES(134,3,55,'2018-10-12 18:00:09.419692','2018-10-12 18:00:09.419744');
INSERT INTO "repertoires" VALUES(135,7,55,'2018-10-12 18:00:09.431363','2018-10-12 18:00:09.431442');
INSERT INTO "repertoires" VALUES(136,2,56,'2018-10-12 18:00:09.443199','2018-10-12 18:00:09.443261');
INSERT INTO "repertoires" VALUES(137,3,56,'2018-10-12 18:00:09.454587','2018-10-12 18:00:09.454656');
INSERT INTO "repertoires" VALUES(138,7,56,'2018-10-12 18:00:09.536633','2018-10-12 18:00:09.536713');
INSERT INTO "repertoires" VALUES(139,2,57,'2018-10-12 18:00:09.552274','2018-10-12 18:00:09.552332');
INSERT INTO "repertoires" VALUES(140,3,57,'2018-10-12 18:00:09.567237','2018-10-12 18:00:09.567298');
INSERT INTO "repertoires" VALUES(141,2,58,'2018-10-12 18:00:09.591748','2018-10-12 18:00:09.591802');
INSERT INTO "repertoires" VALUES(142,2,60,'2018-10-12 18:00:09.604454','2018-10-12 18:00:09.604520');
INSERT INTO "repertoires" VALUES(143,3,60,'2018-10-12 18:00:09.618515','2018-10-12 18:00:09.618592');
INSERT INTO "repertoires" VALUES(144,3,61,'2018-10-12 18:00:09.632391','2018-10-12 18:00:09.632443');
INSERT INTO "repertoires" VALUES(145,3,62,'2018-10-12 18:00:09.646399','2018-10-12 18:00:09.646468');
INSERT INTO "repertoires" VALUES(146,3,63,'2018-10-12 18:00:09.659134','2018-10-12 18:00:09.659189');
INSERT INTO "repertoires" VALUES(147,2,64,'2018-10-12 18:00:09.672069','2018-10-12 18:00:09.672126');
INSERT INTO "repertoires" VALUES(148,3,64,'2018-10-12 18:00:09.686501','2018-10-12 18:00:09.686561');
INSERT INTO "repertoires" VALUES(149,2,65,'2018-10-12 18:00:09.702067','2018-10-12 18:00:09.702120');
INSERT INTO "repertoires" VALUES(150,3,65,'2018-10-12 18:00:09.715977','2018-10-12 18:00:09.716032');
INSERT INTO "repertoires" VALUES(151,7,65,'2018-10-12 18:00:09.730733','2018-10-12 18:00:09.730790');
INSERT INTO "repertoires" VALUES(152,2,66,'2018-10-12 18:00:09.743310','2018-10-12 18:00:09.743383');
INSERT INTO "repertoires" VALUES(153,3,66,'2018-10-12 18:00:09.759130','2018-10-12 18:00:09.759185');
INSERT INTO "repertoires" VALUES(154,7,66,'2018-10-12 18:00:09.772176','2018-10-12 18:00:09.772242');
INSERT INTO "repertoires" VALUES(155,2,67,'2018-10-12 18:00:09.785765','2018-10-12 18:00:09.785817');
INSERT INTO "repertoires" VALUES(156,3,70,'2018-10-12 18:00:09.800112','2018-10-12 18:00:09.800167');
INSERT INTO "repertoires" VALUES(157,7,70,'2018-10-12 18:00:09.814057','2018-10-12 18:00:09.814109');
INSERT INTO "repertoires" VALUES(158,3,71,'2018-10-12 18:00:09.830070','2018-10-12 18:00:09.830126');
INSERT INTO "repertoires" VALUES(159,2,72,'2018-10-12 18:00:09.844318','2018-10-12 18:00:09.844369');
INSERT INTO "repertoires" VALUES(160,2,73,'2018-10-12 18:00:09.858951','2018-10-12 18:00:09.859011');
INSERT INTO "repertoires" VALUES(161,3,73,'2018-10-12 18:00:09.871700','2018-10-12 18:00:09.871785');
INSERT INTO "repertoires" VALUES(162,7,73,'2018-10-12 18:00:09.886697','2018-10-12 18:00:09.886776');
INSERT INTO "repertoires" VALUES(163,2,74,'2018-10-12 18:00:09.900072','2018-10-12 18:00:09.900126');
INSERT INTO "repertoires" VALUES(164,3,75,'2018-10-12 18:00:09.914637','2018-10-12 18:00:09.914698');
INSERT INTO "repertoires" VALUES(165,2,76,'2018-10-12 18:00:09.931109','2018-10-12 18:00:09.931176');
INSERT INTO "repertoires" VALUES(166,3,76,'2018-10-12 18:00:09.946356','2018-10-12 18:00:09.946440');
INSERT INTO "repertoires" VALUES(167,2,77,'2018-10-12 18:00:09.962183','2018-10-12 18:00:09.962249');
INSERT INTO "repertoires" VALUES(168,3,77,'2018-10-12 18:00:09.987349','2018-10-12 18:00:09.987447');
INSERT INTO "repertoires" VALUES(169,7,77,'2018-10-12 18:00:10.001868','2018-10-12 18:00:10.001926');
INSERT INTO "repertoires" VALUES(170,2,78,'2018-10-12 18:00:10.016158','2018-10-12 18:00:10.016214');
INSERT INTO "repertoires" VALUES(171,3,78,'2018-10-12 18:00:10.031042','2018-10-12 18:00:10.031089');
INSERT INTO "repertoires" VALUES(172,2,79,'2018-10-12 18:00:10.046132','2018-10-12 18:00:10.046186');
INSERT INTO "repertoires" VALUES(173,3,79,'2018-10-12 18:00:10.063130','2018-10-12 18:00:10.063214');
INSERT INTO "repertoires" VALUES(174,3,80,'2018-10-12 18:00:10.075516','2018-10-12 18:00:10.075564');
INSERT INTO "repertoires" VALUES(175,2,81,'2018-10-12 18:00:10.087684','2018-10-12 18:00:10.087751');
INSERT INTO "repertoires" VALUES(176,3,81,'2018-10-12 18:00:10.102062','2018-10-12 18:00:10.102116');
INSERT INTO "repertoires" VALUES(177,2,82,'2018-10-12 18:00:10.115962','2018-10-12 18:00:10.116015');
INSERT INTO "repertoires" VALUES(178,3,82,'2018-10-12 18:00:10.131085','2018-10-12 18:00:10.131137');
INSERT INTO "repertoires" VALUES(179,7,82,'2018-10-12 18:00:10.143969','2018-10-12 18:00:10.144036');
INSERT INTO "repertoires" VALUES(180,2,83,'2018-10-12 18:00:10.159910','2018-10-12 18:00:10.159969');
INSERT INTO "repertoires" VALUES(181,3,83,'2018-10-12 18:00:10.183002','2018-10-12 18:00:10.183066');
INSERT INTO "repertoires" VALUES(182,7,83,'2018-10-12 18:00:10.198334','2018-10-12 18:00:10.198396');
INSERT INTO "repertoires" VALUES(183,2,84,'2018-10-12 18:00:10.212028','2018-10-12 18:00:10.212085');
INSERT INTO "repertoires" VALUES(184,3,84,'2018-10-12 18:00:10.227620','2018-10-12 18:00:10.227682');
INSERT INTO "repertoires" VALUES(185,2,85,'2018-10-12 18:00:10.242426','2018-10-12 18:00:10.242481');
INSERT INTO "repertoires" VALUES(186,3,85,'2018-10-12 18:00:10.258866','2018-10-12 18:00:10.258924');
INSERT INTO "repertoires" VALUES(187,2,86,'2018-10-12 18:00:10.270571','2018-10-12 18:00:10.270664');
INSERT INTO "repertoires" VALUES(188,3,86,'2018-10-12 18:00:10.288279','2018-10-12 18:00:10.288346');
INSERT INTO "repertoires" VALUES(189,7,86,'2018-10-12 18:00:10.303008','2018-10-12 18:00:10.303078');
INSERT INTO "repertoires" VALUES(190,3,87,'2018-10-12 18:00:10.319316','2018-10-12 18:00:10.319371');
INSERT INTO "repertoires" VALUES(191,2,88,'2018-10-12 18:00:10.332541','2018-10-12 18:00:10.332587');
INSERT INTO "repertoires" VALUES(192,3,88,'2018-10-12 18:00:10.346161','2018-10-12 18:00:10.346211');
INSERT INTO "repertoires" VALUES(193,7,88,'2018-10-12 18:00:10.362708','2018-10-12 18:00:10.362777');
INSERT INTO "repertoires" VALUES(194,2,89,'2018-10-12 18:00:10.386732','2018-10-12 18:00:10.386785');
INSERT INTO "repertoires" VALUES(195,3,90,'2018-10-12 18:00:10.399339','2018-10-12 18:00:10.399385');
INSERT INTO "repertoires" VALUES(196,3,91,'2018-10-12 18:00:10.411158','2018-10-12 18:00:10.411202');
INSERT INTO "repertoires" VALUES(197,2,92,'2018-10-12 18:00:10.423698','2018-10-12 18:00:10.423753');
INSERT INTO "repertoires" VALUES(198,3,92,'2018-10-12 18:00:10.437718','2018-10-12 18:00:10.437789');
INSERT INTO "repertoires" VALUES(199,7,93,'2018-10-12 18:00:10.452020','2018-10-12 18:00:10.452070');
INSERT INTO "repertoires" VALUES(200,2,94,'2018-10-12 18:00:10.466331','2018-10-12 18:00:10.466402');
INSERT INTO "repertoires" VALUES(201,3,94,'2018-10-12 18:00:10.491201','2018-10-12 18:00:10.491271');
INSERT INTO "repertoires" VALUES(202,3,95,'2018-10-12 18:00:10.504119','2018-10-12 18:00:10.504181');
INSERT INTO "repertoires" VALUES(203,2,96,'2018-10-12 18:00:10.518664','2018-10-12 18:00:10.518725');
INSERT INTO "repertoires" VALUES(204,3,96,'2018-10-12 18:00:10.533968','2018-10-12 18:00:10.534035');
INSERT INTO "repertoires" VALUES(205,2,98,'2018-10-12 18:00:10.548165','2018-10-12 18:00:10.548213');
INSERT INTO "repertoires" VALUES(206,3,98,'2018-10-12 18:00:10.563795','2018-10-12 18:00:10.563872');
INSERT INTO "repertoires" VALUES(207,7,98,'2018-10-12 18:00:10.586815','2018-10-12 18:00:10.586885');
INSERT INTO "repertoires" VALUES(208,2,99,'2018-10-12 18:00:10.600464','2018-10-12 18:00:10.600518');
INSERT INTO "repertoires" VALUES(209,3,99,'2018-10-12 18:00:10.615197','2018-10-12 18:00:10.615261');
INSERT INTO "repertoires" VALUES(210,2,100,'2018-10-12 18:00:10.628599','2018-10-12 18:00:10.628651');
INSERT INTO "repertoires" VALUES(211,3,100,'2018-10-12 18:00:10.643020','2018-10-12 18:00:10.643069');
INSERT INTO "repertoires" VALUES(212,2,101,'2018-10-12 18:00:10.656312','2018-10-12 18:00:10.656360');
INSERT INTO "repertoires" VALUES(213,3,101,'2018-10-12 18:00:10.671249','2018-10-12 18:00:10.671306');
INSERT INTO "repertoires" VALUES(214,7,101,'2018-10-12 18:00:10.683330','2018-10-12 18:00:10.683384');
INSERT INTO "repertoires" VALUES(215,2,102,'2018-10-12 18:00:10.698357','2018-10-12 18:00:10.698418');
INSERT INTO "repertoires" VALUES(216,3,102,'2018-10-12 18:00:10.714192','2018-10-12 18:00:10.714326');
INSERT INTO "repertoires" VALUES(217,2,103,'2018-10-12 18:00:10.728380','2018-10-12 18:00:10.728428');
INSERT INTO "repertoires" VALUES(218,2,104,'2018-10-12 18:00:10.742747','2018-10-12 18:00:10.742806');
INSERT INTO "repertoires" VALUES(219,3,104,'2018-10-12 18:00:10.755389','2018-10-12 18:00:10.755532');
INSERT INTO "repertoires" VALUES(220,2,105,'2018-10-12 18:00:10.769927','2018-10-12 18:00:10.769978');
INSERT INTO "repertoires" VALUES(221,3,105,'2018-10-12 18:00:10.786193','2018-10-12 18:00:10.786263');
INSERT INTO "repertoires" VALUES(222,2,106,'2018-10-12 18:00:10.799748','2018-10-12 18:00:10.799796');
INSERT INTO "repertoires" VALUES(223,3,106,'2018-10-12 18:00:10.815953','2018-10-12 18:00:10.816005');
INSERT INTO "repertoires" VALUES(224,2,107,'2018-10-12 18:00:10.832205','2018-10-12 18:00:10.832274');
INSERT INTO "repertoires" VALUES(225,3,107,'2018-10-12 18:00:10.846914','2018-10-12 18:00:10.846977');
INSERT INTO "repertoires" VALUES(226,7,107,'2018-10-12 18:00:10.859435','2018-10-12 18:00:10.859492');
INSERT INTO "repertoires" VALUES(227,2,108,'2018-10-12 18:00:10.874078','2018-10-12 18:00:10.874145');
INSERT INTO "repertoires" VALUES(228,3,108,'2018-10-12 18:00:10.888400','2018-10-12 18:00:10.888463');
INSERT INTO "repertoires" VALUES(229,7,108,'2018-10-12 18:00:10.903829','2018-10-12 18:00:10.903886');
INSERT INTO "repertoires" VALUES(230,2,109,'2018-10-12 18:00:10.918157','2018-10-12 18:00:10.918241');
INSERT INTO "repertoires" VALUES(231,3,109,'2018-10-12 18:00:10.934048','2018-10-12 18:00:10.934112');
INSERT INTO "repertoires" VALUES(232,3,110,'2018-10-12 18:00:10.948595','2018-10-12 18:00:10.948657');
INSERT INTO "repertoires" VALUES(233,3,111,'2018-10-12 18:00:10.963270','2018-10-12 18:00:10.963319');
INSERT INTO "repertoires" VALUES(234,2,112,'2018-10-12 18:00:10.974774','2018-10-12 18:00:10.974819');
INSERT INTO "repertoires" VALUES(235,3,112,'2018-10-12 18:00:10.990642','2018-10-12 18:00:10.990695');
INSERT INTO "repertoires" VALUES(236,2,113,'2018-10-12 18:00:11.006880','2018-10-12 18:00:11.006934');
INSERT INTO "repertoires" VALUES(237,3,113,'2018-10-12 18:00:11.023305','2018-10-12 18:00:11.023359');
INSERT INTO "repertoires" VALUES(238,7,113,'2018-10-12 18:00:11.034610','2018-10-12 18:00:11.034657');
INSERT INTO "repertoires" VALUES(239,3,114,'2018-10-12 18:00:11.048339','2018-10-12 18:00:11.048416');
INSERT INTO "repertoires" VALUES(240,7,114,'2018-10-12 18:00:11.070215','2018-10-12 18:00:11.070283');
INSERT INTO "repertoires" VALUES(241,2,115,'2018-10-12 18:00:11.086492','2018-10-12 18:00:11.086556');
INSERT INTO "repertoires" VALUES(242,3,115,'2018-10-12 18:00:11.100412','2018-10-12 18:00:11.100478');
INSERT INTO "repertoires" VALUES(243,2,116,'2018-10-12 18:00:11.115796','2018-10-12 18:00:11.115867');
INSERT INTO "repertoires" VALUES(244,7,116,'2018-10-12 18:00:11.131527','2018-10-12 18:00:11.131608');
INSERT INTO "repertoires" VALUES(245,2,117,'2018-10-12 18:00:11.146303','2018-10-12 18:00:11.146391');
INSERT INTO "repertoires" VALUES(246,3,117,'2018-10-12 18:00:11.160509','2018-10-12 18:00:11.160563');
INSERT INTO "repertoires" VALUES(247,7,117,'2018-10-12 18:00:11.187706','2018-10-12 18:00:11.187783');
INSERT INTO "repertoires" VALUES(248,2,118,'2018-10-12 18:00:11.200344','2018-10-12 18:00:11.200403');
INSERT INTO "repertoires" VALUES(249,2,119,'2018-10-12 18:00:11.214573','2018-10-12 18:00:11.214630');
INSERT INTO "repertoires" VALUES(250,3,119,'2018-10-12 18:00:11.229967','2018-10-12 18:00:11.230024');
INSERT INTO "repertoires" VALUES(251,3,120,'2018-10-12 18:00:11.244040','2018-10-12 18:00:11.244102');
INSERT INTO "repertoires" VALUES(252,2,121,'2018-10-12 18:00:11.256355','2018-10-12 18:00:11.256413');
INSERT INTO "repertoires" VALUES(253,3,121,'2018-10-12 18:00:11.268145','2018-10-12 18:00:11.268204');
INSERT INTO "repertoires" VALUES(254,3,123,'2018-10-12 18:00:11.281777','2018-10-12 18:00:11.281872');
INSERT INTO "repertoires" VALUES(255,3,124,'2018-10-12 18:00:11.295318','2018-10-12 18:00:11.295394');
INSERT INTO "repertoires" VALUES(256,2,125,'2018-10-12 18:00:11.306862','2018-10-12 18:00:11.306906');
INSERT INTO "repertoires" VALUES(257,3,125,'2018-10-12 18:00:11.320185','2018-10-12 18:00:11.320251');
INSERT INTO "repertoires" VALUES(258,3,126,'2018-10-12 18:00:11.334262','2018-10-12 18:00:11.334369');
INSERT INTO "repertoires" VALUES(259,3,127,'2018-10-12 18:00:11.351724','2018-10-12 18:00:11.351782');
INSERT INTO "repertoires" VALUES(260,2,128,'2018-10-12 18:00:11.366761','2018-10-12 18:00:11.366823');
INSERT INTO "repertoires" VALUES(261,3,128,'2018-10-12 18:00:11.379864','2018-10-12 18:00:11.379917');
INSERT INTO "repertoires" VALUES(262,2,129,'2018-10-12 18:00:11.391458','2018-10-12 18:00:11.391546');
INSERT INTO "repertoires" VALUES(263,3,129,'2018-10-12 18:00:11.402523','2018-10-12 18:00:11.402571');
INSERT INTO "repertoires" VALUES(264,3,130,'2018-10-12 18:00:11.417894','2018-10-12 18:00:11.417952');
INSERT INTO "repertoires" VALUES(265,2,131,'2018-10-12 18:00:11.431885','2018-10-12 18:00:11.431950');
INSERT INTO "repertoires" VALUES(266,3,131,'2018-10-12 18:00:11.445662','2018-10-12 18:00:11.445714');
INSERT INTO "repertoires" VALUES(267,7,131,'2018-10-12 18:00:11.459837','2018-10-12 18:00:11.459895');
INSERT INTO "repertoires" VALUES(268,2,132,'2018-10-12 18:00:11.471642','2018-10-12 18:00:11.471697');
INSERT INTO "repertoires" VALUES(269,3,132,'2018-10-12 18:00:11.487392','2018-10-12 18:00:11.487470');
INSERT INTO "repertoires" VALUES(270,7,132,'2018-10-12 18:00:11.502438','2018-10-12 18:00:11.502492');
INSERT INTO "repertoires" VALUES(271,3,133,'2018-10-12 18:00:11.518536','2018-10-12 18:00:11.518614');
INSERT INTO "repertoires" VALUES(272,7,134,'2018-10-12 18:00:11.535028','2018-10-12 18:00:11.535093');
INSERT INTO "repertoires" VALUES(273,3,135,'2018-10-12 18:00:11.552197','2018-10-12 18:00:11.552273');
INSERT INTO "repertoires" VALUES(274,2,136,'2018-10-12 18:00:11.570460','2018-10-12 18:00:11.570518');
INSERT INTO "repertoires" VALUES(275,3,136,'2018-10-12 18:00:11.583772','2018-10-12 18:00:11.583818');
INSERT INTO "repertoires" VALUES(276,7,136,'2018-10-12 18:00:11.594828','2018-10-12 18:00:11.594870');
INSERT INTO "repertoires" VALUES(277,2,137,'2018-10-12 18:00:11.607386','2018-10-12 18:00:11.607532');
INSERT INTO "repertoires" VALUES(278,3,137,'2018-10-12 18:00:11.619348','2018-10-12 18:00:11.619497');
INSERT INTO "repertoires" VALUES(279,3,138,'2018-10-12 18:00:11.632232','2018-10-12 18:00:11.632282');
INSERT INTO "repertoires" VALUES(280,2,139,'2018-10-12 18:00:11.647050','2018-10-12 18:00:11.647104');
INSERT INTO "repertoires" VALUES(281,3,139,'2018-10-12 18:00:11.659113','2018-10-12 18:00:11.659162');
INSERT INTO "repertoires" VALUES(282,2,140,'2018-10-12 18:00:11.671808','2018-10-12 18:00:11.671948');
INSERT INTO "repertoires" VALUES(283,2,141,'2018-10-12 18:00:11.686993','2018-10-12 18:00:11.687048');
INSERT INTO "repertoires" VALUES(284,3,141,'2018-10-12 18:00:11.700007','2018-10-12 18:00:11.700058');
INSERT INTO "repertoires" VALUES(285,2,142,'2018-10-12 18:00:11.714078','2018-10-12 18:00:11.714133');
INSERT INTO "repertoires" VALUES(286,3,142,'2018-10-12 18:00:11.736247','2018-10-12 18:00:11.736306');
INSERT INTO "repertoires" VALUES(287,2,144,'2018-10-12 18:00:11.750870','2018-10-12 18:00:11.750920');
INSERT INTO "repertoires" VALUES(288,3,144,'2018-10-12 18:00:11.766074','2018-10-12 18:00:11.766129');
INSERT INTO "repertoires" VALUES(289,2,145,'2018-10-12 18:00:11.780132','2018-10-12 18:00:11.780191');
INSERT INTO "repertoires" VALUES(290,3,145,'2018-10-12 18:00:11.794405','2018-10-12 18:00:11.794468');
INSERT INTO "repertoires" VALUES(291,7,145,'2018-10-12 18:00:11.814265','2018-10-12 18:00:11.814323');
INSERT INTO "repertoires" VALUES(292,3,146,'2018-10-12 18:00:11.830079','2018-10-12 18:00:11.830138');
INSERT INTO "repertoires" VALUES(293,3,147,'2018-10-12 18:00:11.844411','2018-10-12 18:00:11.844466');
INSERT INTO "repertoires" VALUES(294,2,148,'2018-10-12 18:00:11.858734','2018-10-12 18:00:11.858785');
INSERT INTO "repertoires" VALUES(295,3,148,'2018-10-12 18:00:11.874630','2018-10-12 18:00:11.874685');
INSERT INTO "repertoires" VALUES(296,2,149,'2018-10-12 18:00:11.890014','2018-10-12 18:00:11.890067');
INSERT INTO "repertoires" VALUES(297,3,149,'2018-10-12 18:00:11.904036','2018-10-12 18:00:11.904091');
INSERT INTO "repertoires" VALUES(298,2,150,'2018-10-12 18:00:11.918045','2018-10-12 18:00:11.918126');
INSERT INTO "repertoires" VALUES(299,3,150,'2018-10-12 18:00:11.932081','2018-10-12 18:00:11.932134');
INSERT INTO "repertoires" VALUES(300,7,150,'2018-10-12 18:00:11.945819','2018-10-12 18:00:11.945870');
INSERT INTO "repertoires" VALUES(301,2,151,'2018-10-12 18:00:11.962647','2018-10-12 18:00:11.962705');
INSERT INTO "repertoires" VALUES(302,3,151,'2018-10-12 18:00:11.977918','2018-10-12 18:00:11.977973');
INSERT INTO "repertoires" VALUES(303,7,151,'2018-10-12 18:00:11.991616','2018-10-12 18:00:11.991670');
INSERT INTO "repertoires" VALUES(304,2,152,'2018-10-12 18:00:12.002885','2018-10-12 18:00:12.002940');
INSERT INTO "repertoires" VALUES(305,3,152,'2018-10-12 18:00:12.015270','2018-10-12 18:00:12.015313');
INSERT INTO "repertoires" VALUES(306,2,153,'2018-10-12 18:00:12.028124','2018-10-12 18:00:12.028179');
INSERT INTO "repertoires" VALUES(307,3,153,'2018-10-12 18:00:12.043518','2018-10-12 18:00:12.043576');
INSERT INTO "repertoires" VALUES(308,2,154,'2018-10-12 18:00:12.058647','2018-10-12 18:00:12.058708');
INSERT INTO "repertoires" VALUES(309,3,154,'2018-10-12 18:00:12.074627','2018-10-12 18:00:12.074688');
INSERT INTO "repertoires" VALUES(310,2,155,'2018-10-12 18:00:12.087935','2018-10-12 18:00:12.087985');
INSERT INTO "repertoires" VALUES(311,3,155,'2018-10-12 18:00:12.103817','2018-10-12 18:00:12.103870');
INSERT INTO "repertoires" VALUES(312,7,155,'2018-10-12 18:00:12.118185','2018-10-12 18:00:12.118267');
INSERT INTO "repertoires" VALUES(313,2,157,'2018-10-12 18:00:12.134470','2018-10-12 18:00:12.134530');
INSERT INTO "repertoires" VALUES(314,3,157,'2018-10-12 18:00:12.150289','2018-10-12 18:00:12.150347');
INSERT INTO "repertoires" VALUES(315,2,158,'2018-10-12 18:00:12.164429','2018-10-12 18:00:12.164485');
INSERT INTO "repertoires" VALUES(316,3,158,'2018-10-12 18:00:12.190891','2018-10-12 18:00:12.190949');
INSERT INTO "repertoires" VALUES(317,2,159,'2018-10-12 18:00:12.203291','2018-10-12 18:00:12.203342');
INSERT INTO "repertoires" VALUES(318,2,160,'2018-10-12 18:00:12.215427','2018-10-12 18:00:12.215478');
INSERT INTO "repertoires" VALUES(319,3,160,'2018-10-12 18:00:12.227634','2018-10-12 18:00:12.227712');
INSERT INTO "repertoires" VALUES(320,2,161,'2018-10-12 18:00:12.241995','2018-10-12 18:00:12.242058');
INSERT INTO "repertoires" VALUES(321,3,161,'2018-10-12 18:00:12.256501','2018-10-12 18:00:12.256568');
INSERT INTO "repertoires" VALUES(322,7,161,'2018-10-12 18:00:12.271099','2018-10-12 18:00:12.271151');
INSERT INTO "repertoires" VALUES(323,3,162,'2018-10-12 18:00:12.284203','2018-10-12 18:00:12.284302');
INSERT INTO "repertoires" VALUES(324,2,163,'2018-10-12 18:00:12.300823','2018-10-12 18:00:12.300884');
INSERT INTO "repertoires" VALUES(325,3,163,'2018-10-12 18:00:12.318006','2018-10-12 18:00:12.318060');
INSERT INTO "repertoires" VALUES(326,2,164,'2018-10-12 18:00:12.332578','2018-10-12 18:00:12.332651');
INSERT INTO "repertoires" VALUES(327,3,164,'2018-10-12 18:00:12.347962','2018-10-12 18:00:12.348012');
INSERT INTO "repertoires" VALUES(328,2,165,'2018-10-12 18:00:12.362675','2018-10-12 18:00:12.362729');
INSERT INTO "repertoires" VALUES(329,3,165,'2018-10-12 18:00:12.378092','2018-10-12 18:00:12.378174');
INSERT INTO "repertoires" VALUES(330,7,165,'2018-10-12 18:00:12.392244','2018-10-12 18:00:12.392307');
INSERT INTO "repertoires" VALUES(331,2,166,'2018-10-12 18:00:12.409606','2018-10-12 18:00:12.409680');
INSERT INTO "repertoires" VALUES(332,2,167,'2018-10-12 18:00:12.426233','2018-10-12 18:00:12.426291');
INSERT INTO "repertoires" VALUES(333,3,167,'2018-10-12 18:00:12.448217','2018-10-12 18:00:12.448304');
INSERT INTO "repertoires" VALUES(334,3,168,'2018-10-12 18:00:12.462493','2018-10-12 18:00:12.462552');
INSERT INTO "repertoires" VALUES(335,3,169,'2018-10-12 18:00:12.478953','2018-10-12 18:00:12.479007');
INSERT INTO "repertoires" VALUES(336,7,169,'2018-10-12 18:00:12.492112','2018-10-12 18:00:12.492162');
INSERT INTO "repertoires" VALUES(337,2,170,'2018-10-12 18:00:12.504436','2018-10-12 18:00:12.504489');
INSERT INTO "repertoires" VALUES(338,3,171,'2018-10-12 18:00:12.518878','2018-10-12 18:00:12.518937');
INSERT INTO "repertoires" VALUES(339,2,172,'2018-10-12 18:00:12.535554','2018-10-12 18:00:12.535609');
INSERT INTO "repertoires" VALUES(340,3,172,'2018-10-12 18:00:12.551654','2018-10-12 18:00:12.551714');
INSERT INTO "repertoires" VALUES(341,7,172,'2018-10-12 18:00:12.571567','2018-10-12 18:00:12.571678');
INSERT INTO "repertoires" VALUES(342,2,173,'2018-10-12 18:00:12.587765','2018-10-12 18:00:12.587834');
INSERT INTO "repertoires" VALUES(343,3,173,'2018-10-12 18:00:12.603324','2018-10-12 18:00:12.603392');
INSERT INTO "repertoires" VALUES(344,2,174,'2018-10-12 18:00:12.619296','2018-10-12 18:00:12.619343');
INSERT INTO "repertoires" VALUES(345,3,174,'2018-10-12 18:00:12.631909','2018-10-12 18:00:12.631960');
INSERT INTO "repertoires" VALUES(346,7,175,'2018-10-12 18:00:12.647616','2018-10-12 18:00:12.647673');
INSERT INTO "repertoires" VALUES(347,2,176,'2018-10-12 18:00:12.659601','2018-10-12 18:00:12.659648');
INSERT INTO "repertoires" VALUES(348,3,176,'2018-10-12 18:00:12.671943','2018-10-12 18:00:12.671998');
INSERT INTO "repertoires" VALUES(349,2,177,'2018-10-12 18:00:12.686034','2018-10-12 18:00:12.686088');
INSERT INTO "repertoires" VALUES(350,3,177,'2018-10-12 18:00:12.700054','2018-10-12 18:00:12.700120');
INSERT INTO "repertoires" VALUES(351,3,178,'2018-10-12 18:00:12.714058','2018-10-12 18:00:12.714117');
INSERT INTO "repertoires" VALUES(352,2,179,'2018-10-12 18:00:12.730491','2018-10-12 18:00:12.730549');
INSERT INTO "repertoires" VALUES(353,2,180,'2018-10-12 18:00:12.746476','2018-10-12 18:00:12.746526');
INSERT INTO "repertoires" VALUES(354,3,180,'2018-10-12 18:00:12.762028','2018-10-12 18:00:12.762083');
INSERT INTO "repertoires" VALUES(355,7,180,'2018-10-12 18:00:12.778014','2018-10-12 18:00:12.778076');
INSERT INTO "repertoires" VALUES(356,2,181,'2018-10-12 18:00:12.792314','2018-10-12 18:00:12.792383');
INSERT INTO "repertoires" VALUES(357,3,181,'2018-10-12 18:00:12.806706','2018-10-12 18:00:12.806764');
INSERT INTO "repertoires" VALUES(358,3,182,'2018-10-12 18:00:12.820727','2018-10-12 18:00:12.820780');
INSERT INTO "repertoires" VALUES(359,2,183,'2018-10-12 18:00:12.835698','2018-10-12 18:00:12.835745');
INSERT INTO "repertoires" VALUES(360,3,183,'2018-10-12 18:00:12.849954','2018-10-12 18:00:12.850001');
INSERT INTO "repertoires" VALUES(361,2,184,'2018-10-12 18:00:12.864187','2018-10-12 18:00:12.864260');
INSERT INTO "repertoires" VALUES(362,2,186,'2018-10-12 18:00:12.879013','2018-10-12 18:00:12.879068');
INSERT INTO "repertoires" VALUES(363,2,187,'2018-10-12 18:00:12.891706','2018-10-12 18:00:12.891774');
INSERT INTO "repertoires" VALUES(364,3,187,'2018-10-12 18:00:12.916131','2018-10-12 18:00:12.916202');
INSERT INTO "repertoires" VALUES(365,3,188,'2018-10-12 18:00:12.931478','2018-10-12 18:00:12.931541');
INSERT INTO "repertoires" VALUES(366,3,189,'2018-10-12 18:00:12.946349','2018-10-12 18:00:12.946405');
INSERT INTO "repertoires" VALUES(367,2,190,'2018-10-12 18:00:12.963042','2018-10-12 18:00:12.963097');
INSERT INTO "repertoires" VALUES(368,3,190,'2018-10-12 18:00:12.988057','2018-10-12 18:00:12.988112');
INSERT INTO "repertoires" VALUES(369,7,190,'2018-10-12 18:00:13.001739','2018-10-12 18:00:13.001793');
INSERT INTO "repertoires" VALUES(370,2,191,'2018-10-12 18:00:13.018186','2018-10-12 18:00:13.018321');
INSERT INTO "repertoires" VALUES(371,3,191,'2018-10-12 18:00:13.033796','2018-10-12 18:00:13.033849');
INSERT INTO "repertoires" VALUES(372,2,192,'2018-10-12 18:00:13.048514','2018-10-12 18:00:13.048564');
INSERT INTO "repertoires" VALUES(373,3,192,'2018-10-12 18:00:13.066781','2018-10-12 18:00:13.066837');
INSERT INTO "repertoires" VALUES(374,7,192,'2018-10-12 18:00:13.082602','2018-10-12 18:00:13.082688');
INSERT INTO "repertoires" VALUES(375,2,193,'2018-10-12 18:00:13.097238','2018-10-12 18:00:13.097309');
INSERT INTO "repertoires" VALUES(376,2,194,'2018-10-12 18:00:13.111656','2018-10-12 18:00:13.111710');
INSERT INTO "repertoires" VALUES(377,3,194,'2018-10-12 18:00:13.126209','2018-10-12 18:00:13.126276');
INSERT INTO "repertoires" VALUES(378,3,195,'2018-10-12 18:00:13.142442','2018-10-12 18:00:13.142497');
INSERT INTO "repertoires" VALUES(379,2,196,'2018-10-12 18:00:13.158323','2018-10-12 18:00:13.158375');
INSERT INTO "repertoires" VALUES(380,2,197,'2018-10-12 18:00:13.174112','2018-10-12 18:00:13.174174');
INSERT INTO "repertoires" VALUES(381,2,198,'2018-10-12 18:00:13.190348','2018-10-12 18:00:13.190405');
INSERT INTO "repertoires" VALUES(382,3,198,'2018-10-12 18:00:13.205751','2018-10-12 18:00:13.205801');
INSERT INTO "repertoires" VALUES(383,2,199,'2018-10-12 18:00:13.222215','2018-10-12 18:00:13.222279');
INSERT INTO "repertoires" VALUES(384,3,199,'2018-10-12 18:00:13.236686','2018-10-12 18:00:13.236738');
INSERT INTO "repertoires" VALUES(385,2,201,'2018-10-12 18:00:13.251631','2018-10-12 18:00:13.251685');
INSERT INTO "repertoires" VALUES(386,3,201,'2018-10-12 18:00:13.266106','2018-10-12 18:00:13.266167');
INSERT INTO "repertoires" VALUES(387,7,201,'2018-10-12 18:00:13.282399','2018-10-12 18:00:13.282480');
INSERT INTO "repertoires" VALUES(388,2,202,'2018-10-12 18:00:13.298258','2018-10-12 18:00:13.298345');
INSERT INTO "repertoires" VALUES(389,3,202,'2018-10-12 18:00:13.314277','2018-10-12 18:00:13.314358');
INSERT INTO "repertoires" VALUES(390,2,205,'2018-10-12 18:00:13.330341','2018-10-12 18:00:13.330421');
INSERT INTO "repertoires" VALUES(391,2,206,'2018-10-12 18:00:13.344234','2018-10-12 18:00:13.344290');
INSERT INTO "repertoires" VALUES(392,3,206,'2018-10-12 18:00:13.359502','2018-10-12 18:00:13.359555');
INSERT INTO "repertoires" VALUES(393,7,206,'2018-10-12 18:00:13.383968','2018-10-12 18:00:13.384033');
INSERT INTO "repertoires" VALUES(394,2,207,'2018-10-12 18:00:13.399592','2018-10-12 18:00:13.399667');
INSERT INTO "repertoires" VALUES(395,3,207,'2018-10-12 18:00:13.414679','2018-10-12 18:00:13.414763');
INSERT INTO "repertoires" VALUES(396,3,209,'2018-10-12 18:00:13.427328','2018-10-12 18:00:13.427460');
INSERT INTO "repertoires" VALUES(397,2,210,'2018-10-12 18:00:13.441881','2018-10-12 18:00:13.441932');
INSERT INTO "repertoires" VALUES(398,2,211,'2018-10-12 18:00:13.456027','2018-10-12 18:00:13.456095');
INSERT INTO "repertoires" VALUES(399,2,212,'2018-10-12 18:00:13.479812','2018-10-12 18:00:13.479864');
INSERT INTO "repertoires" VALUES(400,3,212,'2018-10-12 18:00:13.494156','2018-10-12 18:00:13.494219');
INSERT INTO "repertoires" VALUES(401,2,213,'2018-10-12 18:00:13.507252','2018-10-12 18:00:13.507311');
INSERT INTO "repertoires" VALUES(402,3,213,'2018-10-12 18:00:13.519443','2018-10-12 18:00:13.519501');
INSERT INTO "repertoires" VALUES(403,2,214,'2018-10-12 18:00:13.531384','2018-10-12 18:00:13.531502');
INSERT INTO "repertoires" VALUES(404,2,215,'2018-10-12 18:00:13.546205','2018-10-12 18:00:13.546283');
INSERT INTO "repertoires" VALUES(405,3,215,'2018-10-12 18:00:13.562460','2018-10-12 18:00:13.562531');
INSERT INTO "repertoires" VALUES(406,7,215,'2018-10-12 18:00:13.579095','2018-10-12 18:00:13.579166');
INSERT INTO "repertoires" VALUES(407,2,217,'2018-10-12 18:00:13.594445','2018-10-12 18:00:13.594500');
INSERT INTO "repertoires" VALUES(408,3,217,'2018-10-12 18:00:13.607691','2018-10-12 18:00:13.607764');
INSERT INTO "repertoires" VALUES(409,7,218,'2018-10-12 18:00:13.624352','2018-10-12 18:00:13.624438');
INSERT INTO "repertoires" VALUES(410,2,219,'2018-10-12 18:00:13.642347','2018-10-12 18:00:13.642401');
INSERT INTO "repertoires" VALUES(411,3,219,'2018-10-12 18:00:13.659061','2018-10-12 18:00:13.659127');
INSERT INTO "repertoires" VALUES(412,7,219,'2018-10-12 18:00:13.674075','2018-10-12 18:00:13.674149');
INSERT INTO "repertoires" VALUES(413,2,220,'2018-10-12 18:00:13.688495','2018-10-12 18:00:13.688546');
INSERT INTO "repertoires" VALUES(414,2,221,'2018-10-12 18:00:13.703620','2018-10-12 18:00:13.703677');
INSERT INTO "repertoires" VALUES(415,3,221,'2018-10-12 18:00:13.718196','2018-10-12 18:00:13.718262');
INSERT INTO "repertoires" VALUES(416,7,221,'2018-10-12 18:00:13.734552','2018-10-12 18:00:13.734603');
INSERT INTO "repertoires" VALUES(417,3,222,'2018-10-12 18:00:13.750698','2018-10-12 18:00:13.750756');
INSERT INTO "repertoires" VALUES(418,7,222,'2018-10-12 18:00:13.763901','2018-10-12 18:00:13.763965');
INSERT INTO "repertoires" VALUES(419,2,223,'2018-10-12 18:00:13.778051','2018-10-12 18:00:13.778104');
INSERT INTO "repertoires" VALUES(420,3,223,'2018-10-12 18:00:13.792112','2018-10-12 18:00:13.792173');
INSERT INTO "repertoires" VALUES(421,2,224,'2018-10-12 18:00:13.806951','2018-10-12 18:00:13.807022');
INSERT INTO "repertoires" VALUES(422,3,225,'2018-10-12 18:00:13.819356','2018-10-12 18:00:13.819454');
INSERT INTO "repertoires" VALUES(423,2,226,'2018-10-12 18:00:13.834893','2018-10-12 18:00:13.834950');
INSERT INTO "repertoires" VALUES(424,3,226,'2018-10-12 18:00:13.848266','2018-10-12 18:00:13.848330');
INSERT INTO "repertoires" VALUES(425,2,227,'2018-10-12 18:00:13.863655','2018-10-12 18:00:13.863721');
INSERT INTO "repertoires" VALUES(426,3,227,'2018-10-12 18:00:13.882309','2018-10-12 18:00:13.882379');
INSERT INTO "repertoires" VALUES(427,3,228,'2018-10-12 18:00:13.897962','2018-10-12 18:00:13.898013');
INSERT INTO "repertoires" VALUES(428,2,229,'2018-10-12 18:00:13.914753','2018-10-12 18:00:13.914815');
INSERT INTO "repertoires" VALUES(429,3,229,'2018-10-12 18:00:13.929948','2018-10-12 18:00:13.930010');
INSERT INTO "repertoires" VALUES(430,7,229,'2018-10-12 18:00:13.944197','2018-10-12 18:00:13.944277');
INSERT INTO "repertoires" VALUES(431,2,230,'2018-10-12 18:00:13.959714','2018-10-12 18:00:13.959764');
INSERT INTO "repertoires" VALUES(432,3,230,'2018-10-12 18:00:13.974322','2018-10-12 18:00:13.974398');
INSERT INTO "repertoires" VALUES(433,7,230,'2018-10-12 18:00:13.988708','2018-10-12 18:00:13.988772');
INSERT INTO "repertoires" VALUES(434,3,231,'2018-10-12 18:00:14.005936','2018-10-12 18:00:14.005995');
INSERT INTO "repertoires" VALUES(435,3,232,'2018-10-12 18:00:14.020309','2018-10-12 18:00:14.020361');
INSERT INTO "repertoires" VALUES(436,3,233,'2018-10-12 18:00:14.033652','2018-10-12 18:00:14.033702');
INSERT INTO "repertoires" VALUES(437,2,234,'2018-10-12 18:00:14.047987','2018-10-12 18:00:14.048042');
INSERT INTO "repertoires" VALUES(438,3,234,'2018-10-12 18:00:14.062766','2018-10-12 18:00:14.062818');
INSERT INTO "repertoires" VALUES(439,7,234,'2018-10-12 18:00:14.079045','2018-10-12 18:00:14.079103');
INSERT INTO "repertoires" VALUES(440,5,234,'2018-10-12 18:00:14.091076','2018-10-12 18:00:14.091133');
INSERT INTO "repertoires" VALUES(441,2,235,'2018-10-12 18:00:14.103516','2018-10-12 18:00:14.103566');
INSERT INTO "repertoires" VALUES(442,3,235,'2018-10-12 18:00:14.118821','2018-10-12 18:00:14.118871');
INSERT INTO "repertoires" VALUES(443,7,235,'2018-10-12 18:00:14.134311','2018-10-12 18:00:14.134362');
INSERT INTO "repertoires" VALUES(444,2,236,'2018-10-12 18:00:14.148146','2018-10-12 18:00:14.148193');
INSERT INTO "repertoires" VALUES(445,3,236,'2018-10-12 18:00:14.162622','2018-10-12 18:00:14.162688');
INSERT INTO "repertoires" VALUES(446,2,237,'2018-10-12 18:00:14.178116','2018-10-12 18:00:14.178180');
INSERT INTO "repertoires" VALUES(447,7,237,'2018-10-12 18:00:14.193890','2018-10-12 18:00:14.193947');
INSERT INTO "repertoires" VALUES(448,2,238,'2018-10-12 18:00:14.208377','2018-10-12 18:00:14.208432');
INSERT INTO "repertoires" VALUES(449,3,239,'2018-10-12 18:00:14.223971','2018-10-12 18:00:14.224031');
INSERT INTO "repertoires" VALUES(450,2,240,'2018-10-12 18:00:14.239214','2018-10-12 18:00:14.239277');
INSERT INTO "repertoires" VALUES(451,3,240,'2018-10-12 18:00:14.254549','2018-10-12 18:00:14.254599');
INSERT INTO "repertoires" VALUES(452,2,241,'2018-10-12 18:00:14.270196','2018-10-12 18:00:14.270260');
INSERT INTO "repertoires" VALUES(453,3,241,'2018-10-12 18:00:14.286341','2018-10-12 18:00:14.286396');
INSERT INTO "repertoires" VALUES(454,7,241,'2018-10-12 18:00:14.302374','2018-10-12 18:00:14.302453');
INSERT INTO "repertoires" VALUES(455,2,242,'2018-10-12 18:00:14.317907','2018-10-12 18:00:14.317961');
INSERT INTO "repertoires" VALUES(456,3,242,'2018-10-12 18:00:14.332580','2018-10-12 18:00:14.332691');
INSERT INTO "repertoires" VALUES(457,2,243,'2018-10-12 18:00:14.360432','2018-10-12 18:00:14.360492');
INSERT INTO "repertoires" VALUES(458,3,243,'2018-10-12 18:00:14.387281','2018-10-12 18:00:14.387337');
INSERT INTO "repertoires" VALUES(459,7,243,'2018-10-12 18:00:14.399829','2018-10-12 18:00:14.399896');
INSERT INTO "repertoires" VALUES(460,2,244,'2018-10-12 18:00:14.415946','2018-10-12 18:00:14.416002');
INSERT INTO "repertoires" VALUES(461,3,245,'2018-10-12 18:00:14.431268','2018-10-12 18:00:14.431329');
INSERT INTO "repertoires" VALUES(462,2,246,'2018-10-12 18:00:14.447366','2018-10-12 18:00:14.447477');
INSERT INTO "repertoires" VALUES(463,3,246,'2018-10-12 18:00:14.462054','2018-10-12 18:00:14.462119');
INSERT INTO "repertoires" VALUES(464,2,247,'2018-10-12 18:00:14.478903','2018-10-12 18:00:14.478975');
INSERT INTO "repertoires" VALUES(465,2,248,'2018-10-12 18:00:14.495035','2018-10-12 18:00:14.495085');
INSERT INTO "repertoires" VALUES(466,3,248,'2018-10-12 18:00:14.510260','2018-10-12 18:00:14.510325');
INSERT INTO "repertoires" VALUES(467,2,249,'2018-10-12 18:00:14.524448','2018-10-12 18:00:14.524497');
INSERT INTO "repertoires" VALUES(468,3,249,'2018-10-12 18:00:14.539133','2018-10-12 18:00:14.539211');
INSERT INTO "repertoires" VALUES(469,7,249,'2018-10-12 18:00:14.555734','2018-10-12 18:00:14.555788');
INSERT INTO "repertoires" VALUES(470,2,250,'2018-10-12 18:00:14.572483','2018-10-12 18:00:14.572556');
INSERT INTO "repertoires" VALUES(471,3,250,'2018-10-12 18:00:14.592287','2018-10-12 18:00:14.592344');
INSERT INTO "repertoires" VALUES(472,7,250,'2018-10-12 18:00:14.606073','2018-10-12 18:00:14.606138');
INSERT INTO "repertoires" VALUES(473,2,251,'2018-10-12 18:00:14.627307','2018-10-12 18:00:14.627386');
INSERT INTO "repertoires" VALUES(474,3,251,'2018-10-12 18:00:14.643958','2018-10-12 18:00:14.644007');
INSERT INTO "repertoires" VALUES(475,7,251,'2018-10-12 18:00:14.658964','2018-10-12 18:00:14.659016');
INSERT INTO "repertoires" VALUES(476,2,253,'2018-10-12 18:00:14.674014','2018-10-12 18:00:14.674082');
INSERT INTO "repertoires" VALUES(477,2,254,'2018-10-12 18:00:14.688414','2018-10-12 18:00:14.688467');
INSERT INTO "repertoires" VALUES(478,3,254,'2018-10-12 18:00:14.703737','2018-10-12 18:00:14.703790');
INSERT INTO "repertoires" VALUES(479,7,254,'2018-10-12 18:00:14.718774','2018-10-12 18:00:14.718846');
INSERT INTO "repertoires" VALUES(480,2,255,'2018-10-12 18:00:14.731393','2018-10-12 18:00:14.731480');
INSERT INTO "repertoires" VALUES(481,3,255,'2018-10-12 18:00:14.746516','2018-10-12 18:00:14.746572');
INSERT INTO "repertoires" VALUES(482,7,255,'2018-10-12 18:00:14.762781','2018-10-12 18:00:14.762838');
INSERT INTO "repertoires" VALUES(483,2,256,'2018-10-12 18:00:14.776338','2018-10-12 18:00:14.776410');
INSERT INTO "repertoires" VALUES(484,3,256,'2018-10-12 18:00:14.791942','2018-10-12 18:00:14.791998');
INSERT INTO "repertoires" VALUES(485,2,257,'2018-10-12 18:00:14.816874','2018-10-12 18:00:14.816944');
INSERT INTO "repertoires" VALUES(486,3,257,'2018-10-12 18:00:14.832269','2018-10-12 18:00:14.832333');
INSERT INTO "repertoires" VALUES(487,2,258,'2018-10-12 18:00:14.846819','2018-10-12 18:00:14.846863');
INSERT INTO "repertoires" VALUES(488,3,258,'2018-10-12 18:00:14.861835','2018-10-12 18:00:14.861893');
INSERT INTO "repertoires" VALUES(489,2,259,'2018-10-12 18:00:14.875826','2018-10-12 18:00:14.875881');
INSERT INTO "repertoires" VALUES(490,3,259,'2018-10-12 18:00:14.889884','2018-10-12 18:00:14.889937');
INSERT INTO "repertoires" VALUES(491,2,260,'2018-10-12 18:00:14.904495','2018-10-12 18:00:14.904550');
INSERT INTO "repertoires" VALUES(492,3,260,'2018-10-12 18:00:14.919485','2018-10-12 18:00:14.919543');
INSERT INTO "repertoires" VALUES(493,2,261,'2018-10-12 18:00:14.932683','2018-10-12 18:00:14.932734');
INSERT INTO "repertoires" VALUES(494,3,261,'2018-10-12 18:00:14.946479','2018-10-12 18:00:14.946537');
INSERT INTO "repertoires" VALUES(495,7,261,'2018-10-12 18:00:14.962163','2018-10-12 18:00:14.962212');
INSERT INTO "repertoires" VALUES(496,2,262,'2018-10-12 18:00:14.988248','2018-10-12 18:00:14.988306');
INSERT INTO "repertoires" VALUES(497,3,262,'2018-10-12 18:00:15.003563','2018-10-12 18:00:15.003644');
INSERT INTO "repertoires" VALUES(498,7,262,'2018-10-12 18:00:15.018383','2018-10-12 18:00:15.018444');
INSERT INTO "repertoires" VALUES(499,2,263,'2018-10-12 18:00:15.031883','2018-10-12 18:00:15.031939');
INSERT INTO "repertoires" VALUES(500,2,264,'2018-10-12 18:00:15.046607','2018-10-12 18:00:15.046662');
INSERT INTO "repertoires" VALUES(501,3,264,'2018-10-12 18:00:15.062256','2018-10-12 18:00:15.062311');
INSERT INTO "repertoires" VALUES(502,7,264,'2018-10-12 18:00:15.076427','2018-10-12 18:00:15.076477');
INSERT INTO "repertoires" VALUES(503,2,265,'2018-10-12 18:00:15.091914','2018-10-12 18:00:15.091980');
INSERT INTO "repertoires" VALUES(504,3,265,'2018-10-12 18:00:15.107389','2018-10-12 18:00:15.107518');
INSERT INTO "repertoires" VALUES(505,3,266,'2018-10-12 18:00:15.122698','2018-10-12 18:00:15.122754');
INSERT INTO "repertoires" VALUES(506,3,267,'2018-10-12 18:00:15.138170','2018-10-12 18:00:15.138241');
INSERT INTO "repertoires" VALUES(507,7,267,'2018-10-12 18:00:15.152480','2018-10-12 18:00:15.152531');
INSERT INTO "repertoires" VALUES(508,2,268,'2018-10-12 18:00:15.167917','2018-10-12 18:00:15.167977');
INSERT INTO "repertoires" VALUES(509,3,268,'2018-10-12 18:00:15.180400','2018-10-12 18:00:15.180458');
INSERT INTO "repertoires" VALUES(510,2,269,'2018-10-12 18:00:15.195448','2018-10-12 18:00:15.195505');
INSERT INTO "repertoires" VALUES(511,3,269,'2018-10-12 18:00:15.211106','2018-10-12 18:00:15.211165');
INSERT INTO "repertoires" VALUES(512,7,269,'2018-10-12 18:00:15.224055','2018-10-12 18:00:15.224103');
INSERT INTO "repertoires" VALUES(513,3,270,'2018-10-12 18:00:15.239765','2018-10-12 18:00:15.239821');
INSERT INTO "repertoires" VALUES(514,2,271,'2018-10-12 18:00:15.253702','2018-10-12 18:00:15.253754');
INSERT INTO "repertoires" VALUES(515,3,271,'2018-10-12 18:00:15.268175','2018-10-12 18:00:15.268259');
INSERT INTO "repertoires" VALUES(516,2,272,'2018-10-12 18:00:15.283499','2018-10-12 18:00:15.283557');
INSERT INTO "repertoires" VALUES(517,3,272,'2018-10-12 18:00:15.295785','2018-10-12 18:00:15.295835');
INSERT INTO "repertoires" VALUES(518,2,273,'2018-10-12 18:00:15.311003','2018-10-12 18:00:15.311061');
INSERT INTO "repertoires" VALUES(519,2,274,'2018-10-12 18:00:15.325954','2018-10-12 18:00:15.326007');
INSERT INTO "repertoires" VALUES(520,3,274,'2018-10-12 18:00:15.339856','2018-10-12 18:00:15.339908');
INSERT INTO "repertoires" VALUES(521,2,275,'2018-10-12 18:00:15.352332','2018-10-12 18:00:15.352383');
INSERT INTO "repertoires" VALUES(522,2,276,'2018-10-12 18:00:15.366273','2018-10-12 18:00:15.366322');
INSERT INTO "repertoires" VALUES(523,2,277,'2018-10-12 18:00:15.391767','2018-10-12 18:00:15.391823');
INSERT INTO "repertoires" VALUES(524,3,277,'2018-10-12 18:00:15.406083','2018-10-12 18:00:15.406134');
INSERT INTO "repertoires" VALUES(525,2,278,'2018-10-12 18:00:15.420074','2018-10-12 18:00:15.420122');
INSERT INTO "repertoires" VALUES(526,3,278,'2018-10-12 18:00:15.434142','2018-10-12 18:00:15.434212');
INSERT INTO "repertoires" VALUES(527,7,278,'2018-10-12 18:00:15.448456','2018-10-12 18:00:15.448520');
INSERT INTO "repertoires" VALUES(528,2,279,'2018-10-12 18:00:15.463101','2018-10-12 18:00:15.463165');
INSERT INTO "repertoires" VALUES(529,3,279,'2018-10-12 18:00:15.479818','2018-10-12 18:00:15.479878');
INSERT INTO "repertoires" VALUES(530,2,280,'2018-10-12 18:00:15.494817','2018-10-12 18:00:15.494870');
INSERT INTO "repertoires" VALUES(531,3,280,'2018-10-12 18:00:15.514126','2018-10-12 18:00:15.514196');
INSERT INTO "repertoires" VALUES(532,7,280,'2018-10-12 18:00:15.530141','2018-10-12 18:00:15.530207');
INSERT INTO "repertoires" VALUES(533,5,280,'2018-10-12 18:00:15.547141','2018-10-12 18:00:15.547203');
INSERT INTO "repertoires" VALUES(534,6,280,'2018-10-12 18:00:15.563275','2018-10-12 18:00:15.563330');
INSERT INTO "repertoires" VALUES(535,2,281,'2018-10-12 18:00:15.578554','2018-10-12 18:00:15.578607');
INSERT INTO "repertoires" VALUES(536,2,282,'2018-10-12 18:00:15.593822','2018-10-12 18:00:15.593874');
INSERT INTO "repertoires" VALUES(537,3,282,'2018-10-12 18:00:15.607119','2018-10-12 18:00:15.607178');
INSERT INTO "repertoires" VALUES(538,7,282,'2018-10-12 18:00:15.620155','2018-10-12 18:00:15.620206');
INSERT INTO "repertoires" VALUES(539,2,283,'2018-10-12 18:00:15.634776','2018-10-12 18:00:15.634825');
INSERT INTO "repertoires" VALUES(540,3,283,'2018-10-12 18:00:15.648043','2018-10-12 18:00:15.648103');
INSERT INTO "repertoires" VALUES(541,2,284,'2018-10-12 18:00:15.664039','2018-10-12 18:00:15.664109');
INSERT INTO "repertoires" VALUES(542,3,284,'2018-10-12 18:00:15.679067','2018-10-12 18:00:15.679120');
INSERT INTO "repertoires" VALUES(543,2,285,'2018-10-12 18:00:15.692255','2018-10-12 18:00:15.692324');
INSERT INTO "repertoires" VALUES(544,2,286,'2018-10-12 18:00:15.707515','2018-10-12 18:00:15.707566');
INSERT INTO "repertoires" VALUES(545,3,286,'2018-10-12 18:00:15.720101','2018-10-12 18:00:15.720153');
INSERT INTO "repertoires" VALUES(546,2,287,'2018-10-12 18:00:15.734351','2018-10-12 18:00:15.734399');
INSERT INTO "repertoires" VALUES(547,2,288,'2018-10-12 18:00:15.751733','2018-10-12 18:00:15.751788');
INSERT INTO "repertoires" VALUES(549,2,291,'2018-10-12 18:00:15.767675','2018-10-12 18:00:15.767737');
INSERT INTO "repertoires" VALUES(550,2,292,'2018-10-12 18:00:15.782606','2018-10-12 18:00:15.782665');
INSERT INTO "repertoires" VALUES(551,3,292,'2018-10-12 18:00:15.795885','2018-10-12 18:00:15.795954');
INSERT INTO "repertoires" VALUES(554,2,2,'2018-10-12 18:00:15.811924','2018-10-12 18:00:15.811986');
INSERT INTO "repertoires" VALUES(558,2,185,'2018-10-12 18:00:15.827343','2018-10-12 18:00:15.827416');
INSERT INTO "repertoires" VALUES(563,2,1,'2018-10-12 18:00:15.842251','2018-10-12 18:00:15.842312');
INSERT INTO "repertoires" VALUES(564,2,300,'2018-10-12 18:00:15.856654','2018-10-12 18:00:15.856702');
INSERT INTO "repertoires" VALUES(566,2,301,'2018-10-12 18:00:15.870109','2018-10-12 18:00:15.870154');
INSERT INTO "repertoires" VALUES(568,2,303,'2018-10-12 18:00:15.884599','2018-10-12 18:00:15.884689');
INSERT INTO "repertoires" VALUES(569,4,303,'2018-10-12 18:00:15.900435','2018-10-12 18:00:15.900501');
INSERT INTO "repertoires" VALUES(576,2,299,'2018-10-12 18:00:15.915114','2018-10-12 18:00:15.915172');
INSERT INTO "repertoires" VALUES(578,2,293,'2018-10-12 18:00:15.928113','2018-10-12 18:00:15.928162');
INSERT INTO "repertoires" VALUES(579,3,302,'2018-10-12 18:00:15.938932','2018-10-12 18:00:15.938975');
INSERT INTO "repertoires" VALUES(580,2,266,'2018-10-12 18:00:15.954094','2018-10-12 18:00:15.954144');
INSERT INTO "repertoires" VALUES(581,2,289,'2018-10-12 18:00:15.969928','2018-10-12 18:00:15.969984');
INSERT INTO "repertoires" VALUES(582,2,302,'2018-10-12 18:00:15.985908','2018-10-12 18:00:15.985968');
INSERT INTO "repertoires" VALUES(584,2,204,'2018-10-25 14:32:03.394042','2018-10-25 14:32:03.394042');
INSERT INTO "repertoires" VALUES(585,2,297,'2018-10-25 16:36:48.339015','2018-10-25 16:36:48.339015');
INSERT INTO "repertoires" VALUES(588,2,298,'2018-11-01 20:36:57.665599','2018-11-01 20:36:57.665599');
INSERT INTO "repertoires" VALUES(589,2,304,'2018-11-08 21:23:45.871030','2018-11-08 21:23:45.871030');
CREATE TABLE "instruments" ("id" INTEGER PRIMARY KEY AUTOINCREMENT NOT NULL, "created_at" datetime NOT NULL, "updated_at" datetime NOT NULL, "user_id" integer, "type" varchar, "repertoire_id" integer);
INSERT INTO "instruments" VALUES(9,'2018-09-22 15:52:16.085328','2018-10-18 13:42:30.114491',2,'Mandolin',NULL);
INSERT INTO "instruments" VALUES(10,'2018-09-22 21:52:28.457885','2018-10-18 13:42:30.118668',2,'Cello',NULL);
INSERT INTO "instruments" VALUES(11,'2018-09-22 21:53:13.334862','2018-10-25 14:32:03.396777',2,'Violin',NULL);
INSERT INTO "instruments" VALUES(12,'2018-09-23 14:10:22.736127','2018-10-18 13:42:30.136006',2,'Piano',NULL);
INSERT INTO "instruments" VALUES(13,'2018-09-23 14:29:55.465510','2018-10-12 18:23:54.938814',2,'Accordion',NULL);
INSERT INTO "instruments" VALUES(14,'2018-09-23 14:31:25.778797','2018-09-23 14:32:31.253170',3,'Violin',NULL);
INSERT INTO "instruments" VALUES(15,'2018-09-23 14:31:31.128865','2018-09-23 14:33:46.162806',3,'Guitar',NULL);
INSERT INTO "instruments" VALUES(16,'2018-09-23 14:32:01.778862','2018-09-23 14:33:46.165651',3,'Mandolin',NULL);
INSERT INTO "instruments" VALUES(17,'2018-09-23 14:32:06.896186','2018-09-23 14:33:46.168356',3,'Clarinet',NULL);
INSERT INTO "instruments" VALUES(18,'2018-09-25 15:44:49.455930','2018-09-25 15:45:03.973977',2,'Banjo',NULL);
INSERT INTO "instruments" VALUES(19,'2018-09-28 00:41:31.192492','2018-09-30 14:07:32.877413',2,'Saxophone',NULL);
INSERT INTO "instruments" VALUES(20,'2018-09-28 19:44:32.741033','2018-09-28 19:44:32.741033',6,'Guitar',NULL);
INSERT INTO "instruments" VALUES(21,'2018-09-28 19:47:43.680629','2018-09-28 19:47:43.680629',5,'Mandolin',NULL);
INSERT INTO "instruments" VALUES(22,'2018-09-28 22:27:26.433071','2018-09-28 22:27:26.433071',8,'Banjo',NULL);
INSERT INTO "instruments" VALUES(23,'2018-09-28 22:33:15.859555','2018-09-28 22:33:15.859555',7,'Guitar',NULL);
INSERT INTO "instruments" VALUES(24,'2018-09-28 22:59:42.401015','2018-10-25 16:36:48.341677',2,'Voice',NULL);
CREATE TABLE "instrument_tunes" ("id" INTEGER PRIMARY KEY AUTOINCREMENT NOT NULL, "instrument_id" integer, "tune_id" integer, "created_at" datetime, "updated_at" datetime);
INSERT INTO "instrument_tunes" VALUES(5,9,4,'2018-10-12 17:48:02.543271','2018-11-01 15:22:04.714464');
INSERT INTO "instrument_tunes" VALUES(6,9,5,'2018-10-12 17:48:02.558438','2018-11-01 15:22:04.736584');
INSERT INTO "instrument_tunes" VALUES(7,9,6,'2018-10-12 17:48:02.571850','2018-11-01 15:22:04.758039');
INSERT INTO "instrument_tunes" VALUES(8,9,7,'2018-10-12 17:48:02.587768','2018-11-01 15:22:04.778648');
INSERT INTO "instrument_tunes" VALUES(9,9,8,'2018-10-12 17:48:02.602290','2018-11-01 15:22:04.800324');
INSERT INTO "instrument_tunes" VALUES(10,9,9,'2018-10-12 17:48:02.616149','2018-11-01 15:22:04.821713');
INSERT INTO "instrument_tunes" VALUES(11,9,10,'2018-10-12 17:48:02.631496','2018-11-01 15:22:04.844483');
INSERT INTO "instrument_tunes" VALUES(12,9,11,'2018-10-12 17:48:02.648765','2018-11-01 15:22:04.866417');
INSERT INTO "instrument_tunes" VALUES(13,9,13,'2018-10-12 17:48:02.667208','2018-11-01 15:22:04.886215');
INSERT INTO "instrument_tunes" VALUES(14,9,14,'2018-10-12 17:48:02.683325','2018-11-01 15:22:04.907880');
INSERT INTO "instrument_tunes" VALUES(15,9,15,'2018-10-12 17:48:02.699787','2018-11-01 15:22:04.945273');
INSERT INTO "instrument_tunes" VALUES(16,9,16,'2018-10-12 17:48:02.716354','2018-11-01 15:22:04.964817');
INSERT INTO "instrument_tunes" VALUES(17,9,17,'2018-10-12 17:48:02.735159','2018-11-01 15:22:04.984063');
INSERT INTO "instrument_tunes" VALUES(18,9,18,'2018-10-12 17:48:02.754660','2018-11-01 15:22:05.001331');
INSERT INTO "instrument_tunes" VALUES(19,9,19,'2018-10-12 17:48:02.770670','2018-11-01 15:22:05.021919');
INSERT INTO "instrument_tunes" VALUES(20,9,20,'2018-10-12 17:48:02.786253','2018-11-01 15:22:05.041233');
INSERT INTO "instrument_tunes" VALUES(21,9,21,'2018-10-12 17:48:02.800263','2018-11-01 15:22:05.061097');
INSERT INTO "instrument_tunes" VALUES(22,9,22,'2018-10-12 17:48:02.820660','2018-11-01 15:22:05.089643');
INSERT INTO "instrument_tunes" VALUES(23,9,23,'2018-10-12 17:48:02.835194','2018-11-01 15:22:05.108917');
INSERT INTO "instrument_tunes" VALUES(24,9,24,'2018-10-12 17:48:02.850411','2018-11-01 15:22:05.128540');
INSERT INTO "instrument_tunes" VALUES(25,9,25,'2018-10-12 17:48:02.864771','2018-11-01 15:22:05.146241');
INSERT INTO "instrument_tunes" VALUES(26,9,26,'2018-10-12 17:48:02.880309','2018-11-01 15:22:05.164690');
INSERT INTO "instrument_tunes" VALUES(27,9,27,'2018-10-12 17:48:02.895658','2018-11-01 15:22:05.182423');
INSERT INTO "instrument_tunes" VALUES(28,9,29,'2018-10-12 17:48:02.928597','2018-11-01 15:22:05.200685');
INSERT INTO "instrument_tunes" VALUES(29,9,30,'2018-10-12 17:48:02.940149','2018-11-01 15:22:05.218892');
INSERT INTO "instrument_tunes" VALUES(30,9,31,'2018-10-12 17:48:02.951634','2018-11-01 15:22:05.236363');
INSERT INTO "instrument_tunes" VALUES(31,9,32,'2018-10-12 17:48:02.964427','2018-11-01 15:22:05.254171');
INSERT INTO "instrument_tunes" VALUES(32,9,33,'2018-10-12 17:48:02.977976','2018-11-01 15:22:05.271208');
INSERT INTO "instrument_tunes" VALUES(33,9,34,'2018-10-12 17:48:02.990872','2018-11-01 15:22:05.290506');
INSERT INTO "instrument_tunes" VALUES(34,9,35,'2018-10-12 17:48:03.004439','2018-11-01 15:22:05.309155');
INSERT INTO "instrument_tunes" VALUES(35,9,37,'2018-10-12 17:48:03.018578','2018-11-01 15:22:05.328787');
INSERT INTO "instrument_tunes" VALUES(36,9,38,'2018-10-12 17:48:03.031754','2018-11-01 15:22:05.349596');
INSERT INTO "instrument_tunes" VALUES(37,9,39,'2018-10-12 17:48:03.044009','2018-11-01 15:22:05.369411');
INSERT INTO "instrument_tunes" VALUES(38,9,41,'2018-10-12 17:48:03.055642','2018-11-01 15:22:05.386703');
INSERT INTO "instrument_tunes" VALUES(39,9,42,'2018-10-12 17:48:03.070115','2018-11-01 15:22:05.404905');
INSERT INTO "instrument_tunes" VALUES(40,9,43,'2018-10-12 17:48:03.085628','2018-11-01 15:22:05.425051');
INSERT INTO "instrument_tunes" VALUES(41,9,44,'2018-10-12 17:48:03.098275','2018-11-01 15:22:05.446333');
INSERT INTO "instrument_tunes" VALUES(42,9,45,'2018-10-12 17:48:03.111970','2018-11-01 15:22:05.461808');
INSERT INTO "instrument_tunes" VALUES(43,9,46,'2018-10-12 17:48:03.123139','2018-11-01 15:22:05.480978');
INSERT INTO "instrument_tunes" VALUES(44,9,48,'2018-10-12 17:48:03.135969','2018-11-01 15:22:05.498175');
INSERT INTO "instrument_tunes" VALUES(45,9,49,'2018-10-12 17:48:03.147738','2018-11-01 15:22:05.512426');
INSERT INTO "instrument_tunes" VALUES(46,9,50,'2018-10-12 17:48:03.158620','2018-11-01 15:22:05.529693');
INSERT INTO "instrument_tunes" VALUES(47,9,51,'2018-10-12 17:48:03.171819','2018-11-01 15:22:05.546336');
INSERT INTO "instrument_tunes" VALUES(48,9,52,'2018-10-12 17:48:03.184529','2018-11-01 15:22:05.562818');
INSERT INTO "instrument_tunes" VALUES(49,9,53,'2018-10-12 17:48:03.197897','2018-11-01 15:22:05.582557');
INSERT INTO "instrument_tunes" VALUES(50,9,54,'2018-10-12 17:48:03.210160','2018-11-01 15:22:05.602070');
INSERT INTO "instrument_tunes" VALUES(51,9,55,'2018-10-12 17:48:03.222885','2018-11-01 15:22:05.622426');
INSERT INTO "instrument_tunes" VALUES(52,9,56,'2018-10-12 17:48:03.235578','2018-11-01 15:22:05.642799');
INSERT INTO "instrument_tunes" VALUES(53,9,57,'2018-10-12 17:48:03.250022','2018-11-01 15:22:05.661446');
INSERT INTO "instrument_tunes" VALUES(54,9,58,'2018-10-12 17:48:03.263051','2018-11-01 15:22:05.678906');
INSERT INTO "instrument_tunes" VALUES(55,9,60,'2018-10-12 17:48:03.275867','2018-11-01 15:22:05.697220');
INSERT INTO "instrument_tunes" VALUES(56,9,64,'2018-10-12 17:48:03.289959','2018-11-01 15:22:05.714990');
INSERT INTO "instrument_tunes" VALUES(57,9,65,'2018-10-12 17:48:03.304512','2018-11-01 15:22:05.733354');
INSERT INTO "instrument_tunes" VALUES(58,9,66,'2018-10-12 17:48:03.318892','2018-11-01 15:22:05.754192');
INSERT INTO "instrument_tunes" VALUES(59,9,67,'2018-10-12 17:48:03.331897','2018-11-01 15:22:05.775918');
INSERT INTO "instrument_tunes" VALUES(60,9,72,'2018-10-12 17:48:03.346823','2018-11-01 15:22:05.794807');
INSERT INTO "instrument_tunes" VALUES(61,9,73,'2018-10-12 17:48:03.360217','2018-11-01 15:22:05.813740');
INSERT INTO "instrument_tunes" VALUES(62,9,74,'2018-10-12 17:48:03.375167','2018-11-01 15:22:05.834645');
INSERT INTO "instrument_tunes" VALUES(63,9,76,'2018-10-12 17:48:03.387120','2018-11-01 15:22:05.853855');
INSERT INTO "instrument_tunes" VALUES(64,9,77,'2018-10-12 17:48:03.402788','2018-11-01 15:22:05.874761');
INSERT INTO "instrument_tunes" VALUES(65,9,78,'2018-10-12 17:48:03.414959','2018-11-01 15:22:05.904480');
INSERT INTO "instrument_tunes" VALUES(66,9,79,'2018-10-12 17:48:03.429742','2018-11-01 15:22:05.922170');
INSERT INTO "instrument_tunes" VALUES(67,9,81,'2018-10-12 17:48:03.443208','2018-11-01 15:22:05.940037');
INSERT INTO "instrument_tunes" VALUES(68,9,82,'2018-10-12 17:48:03.455331','2018-11-01 15:22:05.957448');
INSERT INTO "instrument_tunes" VALUES(69,9,83,'2018-10-12 17:48:03.470418','2018-11-01 15:22:05.978974');
INSERT INTO "instrument_tunes" VALUES(70,9,84,'2018-10-12 17:48:03.483622','2018-11-01 15:22:05.997315');
INSERT INTO "instrument_tunes" VALUES(71,9,85,'2018-10-12 17:48:03.496537','2018-11-01 15:22:06.016587');
INSERT INTO "instrument_tunes" VALUES(72,9,86,'2018-10-12 17:48:03.511622','2018-11-01 15:22:06.034143');
INSERT INTO "instrument_tunes" VALUES(73,9,88,'2018-10-12 17:48:03.526255','2018-11-01 15:22:06.050004');
INSERT INTO "instrument_tunes" VALUES(74,9,89,'2018-10-12 17:48:03.540266','2018-11-01 15:22:06.067073');
INSERT INTO "instrument_tunes" VALUES(75,9,92,'2018-10-12 17:48:03.554817','2018-11-01 15:22:06.085602');
INSERT INTO "instrument_tunes" VALUES(76,9,94,'2018-10-12 17:48:03.566970','2018-11-01 15:22:06.105083');
INSERT INTO "instrument_tunes" VALUES(77,9,96,'2018-10-12 17:48:03.579642','2018-11-01 15:22:06.124703');
INSERT INTO "instrument_tunes" VALUES(78,9,98,'2018-10-12 17:48:03.594186','2018-11-01 15:22:06.142550');
INSERT INTO "instrument_tunes" VALUES(79,9,99,'2018-10-12 17:48:03.607657','2018-11-01 15:22:06.161250');
INSERT INTO "instrument_tunes" VALUES(80,9,100,'2018-10-12 17:48:03.621651','2018-11-01 15:22:06.180519');
INSERT INTO "instrument_tunes" VALUES(81,9,101,'2018-10-12 17:48:03.642118','2018-11-01 15:22:06.197490');
INSERT INTO "instrument_tunes" VALUES(82,9,102,'2018-10-12 17:48:03.658040','2018-11-01 15:22:06.216758');
INSERT INTO "instrument_tunes" VALUES(83,9,103,'2018-10-12 17:48:03.674711','2018-11-01 15:22:06.233671');
INSERT INTO "instrument_tunes" VALUES(84,9,104,'2018-10-12 17:48:03.687295','2018-11-01 15:22:06.252567');
INSERT INTO "instrument_tunes" VALUES(85,9,105,'2018-10-12 17:48:03.699125','2018-11-01 15:22:06.270154');
INSERT INTO "instrument_tunes" VALUES(86,9,106,'2018-10-12 17:48:03.711819','2018-11-01 15:22:06.288318');
INSERT INTO "instrument_tunes" VALUES(87,9,107,'2018-10-12 17:48:03.724268','2018-11-01 15:22:06.309018');
INSERT INTO "instrument_tunes" VALUES(88,9,108,'2018-10-12 17:48:03.736412','2018-11-01 15:22:06.328130');
INSERT INTO "instrument_tunes" VALUES(89,9,109,'2018-10-12 17:48:03.746731','2018-11-01 15:22:06.345579');
INSERT INTO "instrument_tunes" VALUES(90,9,112,'2018-10-12 17:48:03.759107','2018-11-01 15:22:06.365229');
INSERT INTO "instrument_tunes" VALUES(91,9,113,'2018-10-12 17:48:03.771584','2018-11-01 15:22:06.381629');
INSERT INTO "instrument_tunes" VALUES(92,9,115,'2018-10-12 17:48:03.782355','2018-11-01 15:22:06.399953');
INSERT INTO "instrument_tunes" VALUES(93,9,116,'2018-10-12 17:48:03.793832','2018-11-01 15:22:06.417606');
INSERT INTO "instrument_tunes" VALUES(94,9,117,'2018-10-12 17:48:03.806120','2018-11-01 15:22:06.437054');
INSERT INTO "instrument_tunes" VALUES(95,9,118,'2018-10-12 17:48:03.818719','2018-11-01 15:22:06.455098');
INSERT INTO "instrument_tunes" VALUES(96,9,119,'2018-10-12 17:48:03.831366','2018-11-01 15:22:06.472641');
INSERT INTO "instrument_tunes" VALUES(97,9,121,'2018-10-12 17:48:03.843071','2018-11-01 15:22:06.492543');
INSERT INTO "instrument_tunes" VALUES(98,9,125,'2018-10-12 17:48:03.856184','2018-11-01 15:22:06.510328');
INSERT INTO "instrument_tunes" VALUES(99,9,128,'2018-10-12 17:48:03.867735','2018-11-01 15:22:06.525636');
INSERT INTO "instrument_tunes" VALUES(100,9,129,'2018-10-12 17:48:03.882112','2018-11-01 15:22:06.544280');
INSERT INTO "instrument_tunes" VALUES(101,9,131,'2018-10-12 17:48:03.895056','2018-11-01 15:22:06.561869');
INSERT INTO "instrument_tunes" VALUES(102,9,132,'2018-10-12 17:48:03.908220','2018-11-01 15:22:06.580679');
INSERT INTO "instrument_tunes" VALUES(103,9,136,'2018-10-12 17:48:03.922655','2018-11-01 15:22:06.600372');
INSERT INTO "instrument_tunes" VALUES(104,9,137,'2018-10-12 17:48:03.938784','2018-11-01 15:22:06.621742');
INSERT INTO "instrument_tunes" VALUES(105,9,139,'2018-10-12 17:48:03.954339','2018-11-01 15:22:06.641589');
INSERT INTO "instrument_tunes" VALUES(106,9,140,'2018-10-12 17:48:03.968417','2018-11-01 15:22:06.660520');
INSERT INTO "instrument_tunes" VALUES(107,9,141,'2018-10-12 17:48:03.982040','2018-11-01 15:22:06.677188');
INSERT INTO "instrument_tunes" VALUES(108,9,142,'2018-10-12 17:48:04.010647','2018-11-01 15:22:06.695594');
INSERT INTO "instrument_tunes" VALUES(109,9,144,'2018-10-12 17:48:04.024352','2018-11-01 15:22:06.712909');
INSERT INTO "instrument_tunes" VALUES(110,9,145,'2018-10-12 17:48:04.038614','2018-11-01 15:22:06.740656');
INSERT INTO "instrument_tunes" VALUES(111,9,148,'2018-10-12 17:48:04.050934','2018-11-01 15:22:06.759267');
INSERT INTO "instrument_tunes" VALUES(112,9,149,'2018-10-12 17:48:04.065873','2018-11-01 15:22:06.778225');
INSERT INTO "instrument_tunes" VALUES(113,9,150,'2018-10-12 17:48:04.079841','2018-11-01 15:22:06.796978');
INSERT INTO "instrument_tunes" VALUES(114,9,151,'2018-10-12 17:48:04.091357','2018-11-01 15:22:06.816523');
INSERT INTO "instrument_tunes" VALUES(115,9,152,'2018-10-12 17:48:04.103171','2018-11-01 15:22:06.834468');
INSERT INTO "instrument_tunes" VALUES(116,9,153,'2018-10-12 17:48:04.115713','2018-11-01 15:22:06.849825');
INSERT INTO "instrument_tunes" VALUES(117,9,154,'2018-10-12 17:48:04.128415','2018-11-01 15:22:06.870685');
INSERT INTO "instrument_tunes" VALUES(118,9,155,'2018-10-12 17:48:04.142049','2018-11-01 15:22:06.889930');
INSERT INTO "instrument_tunes" VALUES(119,9,157,'2018-10-12 17:48:04.154834','2018-11-01 15:22:06.909071');
INSERT INTO "instrument_tunes" VALUES(120,9,158,'2018-10-12 17:48:04.168410','2018-11-01 15:22:06.930013');
INSERT INTO "instrument_tunes" VALUES(121,9,159,'2018-10-12 17:48:04.178612','2018-11-01 15:22:06.949170');
INSERT INTO "instrument_tunes" VALUES(122,9,160,'2018-10-12 17:48:04.191361','2018-11-01 15:22:06.968678');
INSERT INTO "instrument_tunes" VALUES(123,9,161,'2018-10-12 17:48:04.204134','2018-11-01 15:22:06.986272');
INSERT INTO "instrument_tunes" VALUES(124,9,163,'2018-10-12 17:48:04.215267','2018-11-01 15:22:07.002733');
INSERT INTO "instrument_tunes" VALUES(125,9,164,'2018-10-12 17:48:04.227753','2018-11-01 15:22:07.020696');
INSERT INTO "instrument_tunes" VALUES(126,9,165,'2018-10-12 17:48:04.239863','2018-11-01 15:22:07.041423');
INSERT INTO "instrument_tunes" VALUES(127,9,166,'2018-10-12 17:48:04.251213','2018-11-01 15:22:07.060620');
INSERT INTO "instrument_tunes" VALUES(128,9,167,'2018-10-12 17:48:04.265827','2018-11-01 15:22:07.086976');
INSERT INTO "instrument_tunes" VALUES(129,9,170,'2018-10-12 17:48:04.278699','2018-11-01 15:22:07.105765');
INSERT INTO "instrument_tunes" VALUES(130,9,172,'2018-10-12 17:48:04.291847','2018-11-01 15:22:07.125574');
INSERT INTO "instrument_tunes" VALUES(131,9,173,'2018-10-12 17:48:04.302987','2018-11-01 15:22:07.145186');
INSERT INTO "instrument_tunes" VALUES(132,9,174,'2018-10-12 17:48:04.316264','2018-11-01 15:22:07.165040');
INSERT INTO "instrument_tunes" VALUES(133,9,176,'2018-10-12 17:48:04.327069','2018-11-01 15:22:07.185734');
INSERT INTO "instrument_tunes" VALUES(134,9,177,'2018-10-12 17:48:04.339897','2018-11-01 15:22:07.206477');
INSERT INTO "instrument_tunes" VALUES(135,9,179,'2018-10-12 17:48:04.350954','2018-11-01 15:22:07.221540');
INSERT INTO "instrument_tunes" VALUES(136,9,180,'2018-10-12 17:48:04.364343','2018-11-01 15:22:07.240511');
INSERT INTO "instrument_tunes" VALUES(137,9,181,'2018-10-12 17:48:04.375033','2018-11-01 15:22:07.258003');
INSERT INTO "instrument_tunes" VALUES(138,9,183,'2018-10-12 17:48:04.388035','2018-11-01 15:22:07.274182');
INSERT INTO "instrument_tunes" VALUES(139,9,184,'2018-10-12 17:48:04.398710','2018-11-01 15:22:07.292618');
INSERT INTO "instrument_tunes" VALUES(140,9,186,'2018-10-12 17:48:04.411321','2018-11-01 15:22:07.310531');
INSERT INTO "instrument_tunes" VALUES(141,9,187,'2018-10-12 17:48:04.423783','2018-11-01 15:22:07.328196');
INSERT INTO "instrument_tunes" VALUES(142,9,190,'2018-10-12 17:48:04.435056','2018-11-01 15:22:07.346262');
INSERT INTO "instrument_tunes" VALUES(143,9,191,'2018-10-12 17:48:04.447657','2018-11-01 15:22:07.364711');
INSERT INTO "instrument_tunes" VALUES(144,9,192,'2018-10-12 17:48:04.458893','2018-11-01 15:22:07.382499');
INSERT INTO "instrument_tunes" VALUES(145,9,193,'2018-10-12 17:48:04.474711','2018-11-01 15:22:07.399660');
INSERT INTO "instrument_tunes" VALUES(146,9,194,'2018-10-12 17:48:04.488103','2018-11-01 15:22:07.417705');
INSERT INTO "instrument_tunes" VALUES(147,9,196,'2018-10-12 17:48:04.499708','2018-11-01 15:22:07.437007');
INSERT INTO "instrument_tunes" VALUES(148,9,197,'2018-10-12 17:48:04.511506','2018-11-01 15:22:07.454777');
INSERT INTO "instrument_tunes" VALUES(149,9,198,'2018-10-12 17:48:04.523542','2018-11-01 15:22:07.471940');
INSERT INTO "instrument_tunes" VALUES(150,9,199,'2018-10-12 17:48:04.543878','2018-11-01 15:22:07.489342');
INSERT INTO "instrument_tunes" VALUES(151,9,201,'2018-10-12 17:48:04.554285','2018-11-01 15:22:07.507844');
INSERT INTO "instrument_tunes" VALUES(152,9,202,'2018-10-12 17:48:04.567873','2018-11-01 15:22:07.525559');
INSERT INTO "instrument_tunes" VALUES(153,9,205,'2018-10-12 17:48:04.579874','2018-11-01 15:22:07.544060');
INSERT INTO "instrument_tunes" VALUES(154,9,206,'2018-10-12 17:48:04.590512','2018-11-01 15:22:07.561666');
INSERT INTO "instrument_tunes" VALUES(155,9,207,'2018-10-12 17:48:04.603133','2018-11-01 15:22:07.580754');
INSERT INTO "instrument_tunes" VALUES(156,9,210,'2018-10-12 17:48:04.616223','2018-11-01 15:22:07.597729');
INSERT INTO "instrument_tunes" VALUES(157,9,211,'2018-10-12 17:48:04.628530','2018-11-01 15:22:07.616923');
INSERT INTO "instrument_tunes" VALUES(158,9,212,'2018-10-12 17:48:04.640409','2018-11-01 15:22:07.637020');
INSERT INTO "instrument_tunes" VALUES(159,9,213,'2018-10-12 17:48:04.654051','2018-11-01 15:22:07.658997');
INSERT INTO "instrument_tunes" VALUES(160,9,214,'2018-10-12 17:48:04.667828','2018-11-01 15:22:07.677423');
INSERT INTO "instrument_tunes" VALUES(161,9,215,'2018-10-12 17:48:04.678694','2018-11-01 15:22:07.695970');
INSERT INTO "instrument_tunes" VALUES(162,9,217,'2018-10-12 17:48:04.691017','2018-11-01 15:22:07.712495');
INSERT INTO "instrument_tunes" VALUES(163,9,219,'2018-10-12 17:48:04.702935','2018-11-01 15:22:07.729857');
INSERT INTO "instrument_tunes" VALUES(164,9,220,'2018-10-12 17:48:04.715034','2018-11-01 15:22:07.746473');
INSERT INTO "instrument_tunes" VALUES(165,9,221,'2018-10-12 17:48:04.727208','2018-11-01 15:22:07.761112');
INSERT INTO "instrument_tunes" VALUES(166,9,223,'2018-10-12 17:48:04.738937','2018-11-01 15:22:07.777950');
INSERT INTO "instrument_tunes" VALUES(167,9,224,'2018-10-12 17:48:04.763893','2018-11-01 15:22:07.796986');
INSERT INTO "instrument_tunes" VALUES(168,9,226,'2018-10-12 17:48:04.778665','2018-11-01 15:22:07.816061');
INSERT INTO "instrument_tunes" VALUES(169,9,227,'2018-10-12 17:48:04.791099','2018-11-01 15:22:07.834424');
INSERT INTO "instrument_tunes" VALUES(170,9,229,'2018-10-12 17:48:04.802727','2018-11-01 15:22:07.851899');
INSERT INTO "instrument_tunes" VALUES(171,9,230,'2018-10-12 17:48:04.814947','2018-11-01 15:22:07.870606');
INSERT INTO "instrument_tunes" VALUES(172,9,234,'2018-10-12 17:48:04.830935','2018-11-01 15:22:07.890426');
INSERT INTO "instrument_tunes" VALUES(173,9,235,'2018-10-12 17:48:04.842996','2018-11-01 15:22:07.909159');
INSERT INTO "instrument_tunes" VALUES(174,9,236,'2018-10-12 17:48:04.854511','2018-11-01 15:22:07.927937');
INSERT INTO "instrument_tunes" VALUES(175,9,237,'2018-10-12 17:48:04.867162','2018-11-01 15:22:07.945179');
INSERT INTO "instrument_tunes" VALUES(176,9,238,'2018-10-12 17:48:04.879759','2018-11-01 15:22:07.962474');
INSERT INTO "instrument_tunes" VALUES(177,9,240,'2018-10-12 17:48:04.891171','2018-11-01 15:22:07.978137');
INSERT INTO "instrument_tunes" VALUES(178,9,241,'2018-10-12 17:48:04.904007','2018-11-01 15:22:07.997927');
INSERT INTO "instrument_tunes" VALUES(179,9,242,'2018-10-12 17:48:04.915974','2018-11-01 15:22:08.017017');
INSERT INTO "instrument_tunes" VALUES(180,9,243,'2018-10-12 17:48:04.927181','2018-11-01 15:22:08.037589');
INSERT INTO "instrument_tunes" VALUES(181,9,244,'2018-10-12 17:48:04.939511','2018-11-01 15:22:08.057340');
INSERT INTO "instrument_tunes" VALUES(182,9,246,'2018-10-12 17:48:04.952382','2018-11-01 15:22:08.077455');
INSERT INTO "instrument_tunes" VALUES(183,9,247,'2018-10-12 17:48:04.962383','2018-11-01 15:22:08.097087');
INSERT INTO "instrument_tunes" VALUES(184,9,248,'2018-10-12 17:48:04.974405','2018-11-01 15:22:08.116980');
INSERT INTO "instrument_tunes" VALUES(185,9,249,'2018-10-12 17:48:04.991198','2018-11-01 15:22:08.133501');
INSERT INTO "instrument_tunes" VALUES(186,9,250,'2018-10-12 17:48:05.003863','2018-11-01 15:22:08.153937');
INSERT INTO "instrument_tunes" VALUES(187,9,251,'2018-10-12 17:48:05.014087','2018-11-01 15:22:08.173264');
INSERT INTO "instrument_tunes" VALUES(188,9,253,'2018-10-12 17:48:05.026402','2018-11-01 15:22:08.193044');
INSERT INTO "instrument_tunes" VALUES(189,9,254,'2018-10-12 17:48:05.038886','2018-11-01 15:22:08.214025');
INSERT INTO "instrument_tunes" VALUES(190,9,255,'2018-10-12 17:48:05.051581','2018-11-01 15:22:08.232259');
INSERT INTO "instrument_tunes" VALUES(191,9,256,'2018-10-12 17:48:05.065878','2018-11-01 15:22:08.250016');
INSERT INTO "instrument_tunes" VALUES(192,9,257,'2018-10-12 17:48:05.080094','2018-11-01 15:22:08.264734');
INSERT INTO "instrument_tunes" VALUES(193,9,258,'2018-10-12 17:48:05.091935','2018-11-01 15:22:08.282116');
INSERT INTO "instrument_tunes" VALUES(194,9,259,'2018-10-12 17:48:05.106275','2018-11-01 15:22:08.298419');
INSERT INTO "instrument_tunes" VALUES(195,9,260,'2018-10-12 17:48:05.124668','2018-11-01 15:22:08.313322');
INSERT INTO "instrument_tunes" VALUES(196,9,261,'2018-10-12 17:48:05.136327','2018-11-01 15:22:08.330661');
INSERT INTO "instrument_tunes" VALUES(197,9,262,'2018-10-12 17:48:05.146782','2018-11-01 15:22:08.348760');
INSERT INTO "instrument_tunes" VALUES(198,9,263,'2018-10-12 17:48:05.159748','2018-11-01 15:22:08.366366');
INSERT INTO "instrument_tunes" VALUES(199,9,264,'2018-10-12 17:48:05.174145','2018-11-01 15:22:08.381959');
INSERT INTO "instrument_tunes" VALUES(200,9,265,'2018-10-12 17:48:05.186934','2018-11-01 15:22:08.398329');
INSERT INTO "instrument_tunes" VALUES(201,9,268,'2018-10-12 17:48:05.199630','2018-11-01 15:22:08.413530');
INSERT INTO "instrument_tunes" VALUES(202,9,269,'2018-10-12 17:48:05.211019','2018-11-01 15:22:08.432879');
INSERT INTO "instrument_tunes" VALUES(203,9,271,'2018-10-12 17:48:05.225802','2018-11-01 15:22:08.450142');
INSERT INTO "instrument_tunes" VALUES(204,9,272,'2018-10-12 17:48:05.239747','2018-11-01 15:22:08.466748');
INSERT INTO "instrument_tunes" VALUES(205,9,273,'2018-10-12 17:48:05.251431','2018-11-01 15:22:08.484726');
INSERT INTO "instrument_tunes" VALUES(206,9,274,'2018-10-12 17:48:05.265819','2018-11-01 15:22:08.502545');
INSERT INTO "instrument_tunes" VALUES(207,9,275,'2018-10-12 17:48:05.280387','2018-11-01 15:22:08.521272');
INSERT INTO "instrument_tunes" VALUES(208,9,276,'2018-10-12 17:48:05.291162','2018-11-01 15:22:08.540576');
INSERT INTO "instrument_tunes" VALUES(209,9,277,'2018-10-12 17:48:05.306329','2018-11-01 15:22:08.557658');
INSERT INTO "instrument_tunes" VALUES(210,9,278,'2018-10-12 17:48:05.320107','2018-11-01 15:22:08.576255');
INSERT INTO "instrument_tunes" VALUES(211,9,279,'2018-10-12 17:48:05.331711','2018-11-01 15:22:08.593872');
INSERT INTO "instrument_tunes" VALUES(212,9,280,'2018-10-12 17:48:05.343729','2018-11-01 15:22:08.612866');
INSERT INTO "instrument_tunes" VALUES(213,9,281,'2018-10-12 17:48:05.358620','2018-11-01 15:22:08.632166');
INSERT INTO "instrument_tunes" VALUES(214,9,282,'2018-10-12 17:48:05.373903','2018-11-01 15:22:08.651232');
INSERT INTO "instrument_tunes" VALUES(215,9,283,'2018-10-12 17:48:05.387733','2018-11-01 15:22:08.669316');
INSERT INTO "instrument_tunes" VALUES(216,9,284,'2018-10-12 17:48:05.400483','2018-11-01 15:22:08.689184');
INSERT INTO "instrument_tunes" VALUES(217,9,285,'2018-10-12 17:48:05.414005','2018-11-01 15:22:08.707411');
INSERT INTO "instrument_tunes" VALUES(218,9,286,'2018-10-12 17:48:05.427331','2018-11-01 15:22:08.724485');
INSERT INTO "instrument_tunes" VALUES(219,9,287,'2018-10-12 17:48:05.439553','2018-11-01 15:22:08.741972');
INSERT INTO "instrument_tunes" VALUES(220,9,288,'2018-10-12 17:48:05.451926','2018-11-01 15:22:08.760212');
INSERT INTO "instrument_tunes" VALUES(222,9,291,'2018-10-12 17:48:05.482296','2018-11-01 15:22:08.777712');
INSERT INTO "instrument_tunes" VALUES(223,9,292,'2018-10-12 17:48:05.499767','2018-11-01 15:22:08.795931');
INSERT INTO "instrument_tunes" VALUES(224,9,2,'2018-10-12 17:48:05.514627','2018-11-01 15:22:08.813435');
INSERT INTO "instrument_tunes" VALUES(225,9,185,'2018-10-12 17:48:05.530231','2018-11-01 15:22:08.832836');
INSERT INTO "instrument_tunes" VALUES(226,9,1,'2018-10-12 17:48:05.546269','2018-11-01 15:22:08.852838');
INSERT INTO "instrument_tunes" VALUES(227,9,300,'2018-10-12 17:48:05.560577','2018-11-01 15:22:08.872463');
INSERT INTO "instrument_tunes" VALUES(229,9,303,'2018-10-12 17:48:05.587926','2018-11-01 15:22:08.911066');
INSERT INTO "instrument_tunes" VALUES(230,9,299,'2018-10-12 17:48:05.602507','2018-11-01 15:22:08.939517');
INSERT INTO "instrument_tunes" VALUES(231,9,293,'2018-10-12 17:48:05.618566','2018-11-01 15:22:08.956999');
INSERT INTO "instrument_tunes" VALUES(232,14,2,'2018-10-12 17:48:05.722788','2018-11-01 15:22:08.979553');
INSERT INTO "instrument_tunes" VALUES(233,14,3,'2018-10-12 17:48:05.737024','2018-11-01 15:22:08.997885');
INSERT INTO "instrument_tunes" VALUES(234,14,5,'2018-10-12 17:48:05.752199','2018-11-01 15:22:09.017178');
INSERT INTO "instrument_tunes" VALUES(235,14,6,'2018-10-12 17:48:05.768560','2018-11-01 15:22:09.034271');
INSERT INTO "instrument_tunes" VALUES(236,14,7,'2018-10-12 17:48:05.783611','2018-11-01 15:22:09.052549');
INSERT INTO "instrument_tunes" VALUES(237,14,8,'2018-10-12 17:48:05.798975','2018-11-01 15:22:09.069960');
INSERT INTO "instrument_tunes" VALUES(238,14,9,'2018-10-12 17:48:05.814250','2018-11-01 15:22:09.087833');
INSERT INTO "instrument_tunes" VALUES(239,14,10,'2018-10-12 17:48:05.829729','2018-11-01 15:22:09.104887');
INSERT INTO "instrument_tunes" VALUES(240,14,11,'2018-10-12 17:48:05.844150','2018-11-01 15:22:09.133386');
INSERT INTO "instrument_tunes" VALUES(241,14,12,'2018-10-12 17:48:05.858723','2018-11-01 15:22:09.152455');
INSERT INTO "instrument_tunes" VALUES(242,14,13,'2018-10-12 17:48:05.876135','2018-11-01 15:22:09.170703');
INSERT INTO "instrument_tunes" VALUES(243,14,14,'2018-10-12 17:48:05.891677','2018-11-01 15:22:09.188765');
INSERT INTO "instrument_tunes" VALUES(244,14,15,'2018-10-12 17:48:05.906878','2018-11-01 15:22:09.205866');
INSERT INTO "instrument_tunes" VALUES(245,14,16,'2018-10-12 17:48:05.923480','2018-11-01 15:22:09.224737');
INSERT INTO "instrument_tunes" VALUES(246,14,17,'2018-10-12 17:48:05.938220','2018-11-01 15:22:09.244697');
INSERT INTO "instrument_tunes" VALUES(247,14,18,'2018-10-12 17:48:05.955089','2018-11-01 15:22:09.262113');
INSERT INTO "instrument_tunes" VALUES(248,14,19,'2018-10-12 17:48:05.970517','2018-11-01 15:22:09.277845');
INSERT INTO "instrument_tunes" VALUES(249,14,20,'2018-10-12 17:48:05.986281','2018-11-01 15:22:09.296092');
INSERT INTO "instrument_tunes" VALUES(250,14,21,'2018-10-12 17:48:06.002463','2018-11-01 15:22:09.314029');
INSERT INTO "instrument_tunes" VALUES(251,14,22,'2018-10-12 17:48:06.018647','2018-11-01 15:22:09.330262');
INSERT INTO "instrument_tunes" VALUES(252,14,23,'2018-10-12 17:48:06.034414','2018-11-01 15:22:09.349009');
INSERT INTO "instrument_tunes" VALUES(253,14,24,'2018-10-12 17:48:06.050714','2018-11-01 15:22:09.365913');
INSERT INTO "instrument_tunes" VALUES(254,14,25,'2018-10-12 17:48:06.074486','2018-11-01 15:22:09.384801');
INSERT INTO "instrument_tunes" VALUES(255,14,26,'2018-10-12 17:48:06.089995','2018-11-01 15:22:09.404471');
INSERT INTO "instrument_tunes" VALUES(256,14,27,'2018-10-12 17:48:06.104046','2018-11-01 15:22:09.422255');
INSERT INTO "instrument_tunes" VALUES(257,14,28,'2018-10-12 17:48:06.116268','2018-11-01 15:22:09.438382');
INSERT INTO "instrument_tunes" VALUES(258,14,29,'2018-10-12 17:48:06.127568','2018-11-01 15:22:09.453345');
INSERT INTO "instrument_tunes" VALUES(259,14,31,'2018-10-12 17:48:06.143994','2018-11-01 15:22:09.470864');
INSERT INTO "instrument_tunes" VALUES(260,14,33,'2018-10-12 17:48:06.155873','2018-11-01 15:22:09.489100');
INSERT INTO "instrument_tunes" VALUES(261,14,34,'2018-10-12 17:48:06.170010','2018-11-01 15:22:09.508060');
INSERT INTO "instrument_tunes" VALUES(262,14,35,'2018-10-12 17:48:06.186632','2018-11-01 15:22:09.524576');
INSERT INTO "instrument_tunes" VALUES(263,14,36,'2018-10-12 17:48:06.200738','2018-11-01 15:22:09.542113');
INSERT INTO "instrument_tunes" VALUES(264,14,37,'2018-10-12 17:48:06.215951','2018-11-01 15:22:09.558568');
INSERT INTO "instrument_tunes" VALUES(265,14,38,'2018-10-12 17:48:06.230332','2018-11-01 15:22:09.576396');
INSERT INTO "instrument_tunes" VALUES(266,14,39,'2018-10-12 17:48:06.244421','2018-11-01 15:22:09.594286');
INSERT INTO "instrument_tunes" VALUES(267,14,40,'2018-10-12 17:48:06.258030','2018-11-01 15:22:09.609887');
INSERT INTO "instrument_tunes" VALUES(268,14,41,'2018-10-12 17:48:06.276997','2018-11-01 15:22:09.628472');
INSERT INTO "instrument_tunes" VALUES(269,14,42,'2018-10-12 17:48:06.291812','2018-11-01 15:22:09.648938');
INSERT INTO "instrument_tunes" VALUES(270,14,43,'2018-10-12 17:48:06.306955','2018-11-01 15:22:09.666325');
INSERT INTO "instrument_tunes" VALUES(271,14,44,'2018-10-12 17:48:06.322586','2018-11-01 15:22:09.682548');
INSERT INTO "instrument_tunes" VALUES(272,14,45,'2018-10-12 17:48:06.338852','2018-11-01 15:22:09.701563');
INSERT INTO "instrument_tunes" VALUES(273,14,46,'2018-10-12 17:48:06.355059','2018-11-01 15:22:09.721020');
INSERT INTO "instrument_tunes" VALUES(274,14,48,'2018-10-12 17:48:06.370556','2018-11-01 15:22:09.738036');
INSERT INTO "instrument_tunes" VALUES(275,14,49,'2018-10-12 17:48:06.387315','2018-11-01 15:22:09.754029');
INSERT INTO "instrument_tunes" VALUES(276,14,50,'2018-10-12 17:48:06.399948','2018-11-01 15:22:09.773536');
INSERT INTO "instrument_tunes" VALUES(277,14,51,'2018-10-12 17:48:06.411791','2018-11-01 15:22:09.793967');
INSERT INTO "instrument_tunes" VALUES(278,14,52,'2018-10-12 17:48:06.426538','2018-11-01 15:22:09.814127');
INSERT INTO "instrument_tunes" VALUES(279,14,53,'2018-10-12 17:48:06.441933','2018-11-01 15:22:09.833658');
INSERT INTO "instrument_tunes" VALUES(280,14,55,'2018-10-12 17:48:06.459001','2018-11-01 15:22:09.852982');
INSERT INTO "instrument_tunes" VALUES(281,14,56,'2018-10-12 17:48:06.472819','2018-11-01 15:22:09.872788');
INSERT INTO "instrument_tunes" VALUES(282,14,57,'2018-10-12 17:48:06.488514','2018-11-01 15:22:09.892784');
INSERT INTO "instrument_tunes" VALUES(283,14,60,'2018-10-12 17:48:06.503389','2018-11-01 15:22:09.912229');
INSERT INTO "instrument_tunes" VALUES(284,14,61,'2018-10-12 17:48:06.518617','2018-11-01 15:22:09.930421');
INSERT INTO "instrument_tunes" VALUES(285,14,62,'2018-10-12 17:48:06.535226','2018-11-01 15:22:09.949488');
INSERT INTO "instrument_tunes" VALUES(286,14,63,'2018-10-12 17:48:06.547917','2018-11-01 15:22:09.974924');
INSERT INTO "instrument_tunes" VALUES(287,14,64,'2018-10-12 17:48:06.559503','2018-11-01 15:22:09.993772');
INSERT INTO "instrument_tunes" VALUES(288,14,65,'2018-10-12 17:48:06.571607','2018-11-01 15:22:10.013424');
INSERT INTO "instrument_tunes" VALUES(289,14,66,'2018-10-12 17:48:06.582976','2018-11-01 15:22:10.030723');
INSERT INTO "instrument_tunes" VALUES(290,14,70,'2018-10-12 17:48:06.595817','2018-11-01 15:22:10.054507');
INSERT INTO "instrument_tunes" VALUES(291,14,71,'2018-10-12 17:48:06.608458','2018-11-01 15:22:10.073946');
INSERT INTO "instrument_tunes" VALUES(292,14,73,'2018-10-12 17:48:06.622652','2018-11-01 15:22:10.092813');
INSERT INTO "instrument_tunes" VALUES(293,14,75,'2018-10-12 17:48:06.636887','2018-11-01 15:22:10.113406');
INSERT INTO "instrument_tunes" VALUES(294,14,76,'2018-10-12 17:48:06.651970','2018-11-01 15:22:10.134309');
INSERT INTO "instrument_tunes" VALUES(295,14,77,'2018-10-12 17:48:06.664484','2018-11-01 15:22:10.152078');
INSERT INTO "instrument_tunes" VALUES(296,14,78,'2018-10-12 17:48:06.676503','2018-11-01 15:22:10.169608');
INSERT INTO "instrument_tunes" VALUES(297,14,79,'2018-10-12 17:48:06.687367','2018-11-01 15:22:10.188225');
INSERT INTO "instrument_tunes" VALUES(298,14,80,'2018-10-12 17:48:06.700052','2018-11-01 15:22:10.206252');
INSERT INTO "instrument_tunes" VALUES(299,14,81,'2018-10-12 17:48:06.712328','2018-11-01 15:22:10.224144');
INSERT INTO "instrument_tunes" VALUES(300,14,82,'2018-10-12 17:48:06.726271','2018-11-01 15:22:10.242025');
INSERT INTO "instrument_tunes" VALUES(301,14,83,'2018-10-12 17:48:06.740483','2018-11-01 15:22:10.261237');
INSERT INTO "instrument_tunes" VALUES(302,14,84,'2018-10-12 17:48:06.758417','2018-11-01 15:22:10.282149');
INSERT INTO "instrument_tunes" VALUES(303,14,85,'2018-10-12 17:48:06.775899','2018-11-01 15:22:10.300768');
INSERT INTO "instrument_tunes" VALUES(304,14,86,'2018-10-12 17:48:06.788965','2018-11-01 15:22:10.320931');
INSERT INTO "instrument_tunes" VALUES(305,14,87,'2018-10-12 17:48:06.804026','2018-11-01 15:22:10.339135');
INSERT INTO "instrument_tunes" VALUES(306,14,88,'2018-10-12 17:48:06.820242','2018-11-01 15:22:10.358630');
INSERT INTO "instrument_tunes" VALUES(307,14,90,'2018-10-12 17:48:06.835160','2018-11-01 15:22:10.376969');
INSERT INTO "instrument_tunes" VALUES(308,14,91,'2018-10-12 17:48:06.850420','2018-11-01 15:22:10.397917');
INSERT INTO "instrument_tunes" VALUES(309,14,92,'2018-10-12 17:48:06.865990','2018-11-01 15:22:10.416726');
INSERT INTO "instrument_tunes" VALUES(310,14,94,'2018-10-12 17:48:06.882546','2018-11-01 15:22:10.435473');
INSERT INTO "instrument_tunes" VALUES(311,14,95,'2018-10-12 17:48:06.896438','2018-11-01 15:22:10.454999');
INSERT INTO "instrument_tunes" VALUES(312,14,96,'2018-10-12 17:48:06.912435','2018-11-01 15:22:10.473347');
INSERT INTO "instrument_tunes" VALUES(313,14,98,'2018-10-12 17:48:06.926876','2018-11-01 15:22:10.493041');
INSERT INTO "instrument_tunes" VALUES(314,14,99,'2018-10-12 17:48:06.943175','2018-11-01 15:22:10.512553');
INSERT INTO "instrument_tunes" VALUES(315,14,100,'2018-10-12 17:48:06.958929','2018-11-01 15:22:10.530128');
INSERT INTO "instrument_tunes" VALUES(316,14,101,'2018-10-12 17:48:06.973995','2018-11-01 15:22:10.549031');
INSERT INTO "instrument_tunes" VALUES(317,14,102,'2018-10-12 17:48:06.987946','2018-11-01 15:22:10.569068');
INSERT INTO "instrument_tunes" VALUES(318,14,104,'2018-10-12 17:48:07.004104','2018-11-01 15:22:10.589496');
INSERT INTO "instrument_tunes" VALUES(319,14,105,'2018-10-12 17:48:07.019790','2018-11-01 15:22:10.610864');
INSERT INTO "instrument_tunes" VALUES(320,14,106,'2018-10-12 17:48:07.036469','2018-11-01 15:22:10.629315');
INSERT INTO "instrument_tunes" VALUES(321,14,107,'2018-10-12 17:48:07.055675','2018-11-01 15:22:10.648644');
INSERT INTO "instrument_tunes" VALUES(322,14,108,'2018-10-12 17:48:07.068143','2018-11-01 15:22:10.668652');
INSERT INTO "instrument_tunes" VALUES(323,14,109,'2018-10-12 17:48:07.084051','2018-11-01 15:22:10.687096');
INSERT INTO "instrument_tunes" VALUES(324,14,110,'2018-10-12 17:48:07.098645','2018-11-01 15:22:10.705763');
INSERT INTO "instrument_tunes" VALUES(325,14,111,'2018-10-12 17:48:07.114651','2018-11-01 15:22:10.727370');
INSERT INTO "instrument_tunes" VALUES(326,14,112,'2018-10-12 17:48:07.134881','2018-11-01 15:22:10.750030');
INSERT INTO "instrument_tunes" VALUES(327,14,113,'2018-10-12 17:48:07.148700','2018-11-01 15:22:10.771898');
INSERT INTO "instrument_tunes" VALUES(328,14,114,'2018-10-12 17:48:07.163767','2018-11-01 15:22:10.791096');
INSERT INTO "instrument_tunes" VALUES(329,14,115,'2018-10-12 17:48:07.179477','2018-11-01 15:22:10.809218');
INSERT INTO "instrument_tunes" VALUES(330,14,117,'2018-10-12 17:48:07.196652','2018-11-01 15:22:10.829009');
INSERT INTO "instrument_tunes" VALUES(331,14,119,'2018-10-12 17:48:07.213906','2018-11-01 15:22:10.849893');
INSERT INTO "instrument_tunes" VALUES(332,14,120,'2018-10-12 17:48:07.229814','2018-11-01 15:22:10.869688');
INSERT INTO "instrument_tunes" VALUES(333,14,121,'2018-10-12 17:48:07.243966','2018-11-01 15:22:10.891131');
INSERT INTO "instrument_tunes" VALUES(334,14,123,'2018-10-12 17:48:07.258594','2018-11-01 15:22:10.911194');
INSERT INTO "instrument_tunes" VALUES(335,14,124,'2018-10-12 17:48:07.274093','2018-11-01 15:22:10.932182');
INSERT INTO "instrument_tunes" VALUES(336,14,125,'2018-10-12 17:48:07.291293','2018-11-01 15:22:10.953334');
INSERT INTO "instrument_tunes" VALUES(337,14,126,'2018-10-12 17:48:07.303842','2018-11-01 15:22:10.985079');
INSERT INTO "instrument_tunes" VALUES(338,14,127,'2018-10-12 17:48:07.318504','2018-11-01 15:22:11.005849');
INSERT INTO "instrument_tunes" VALUES(339,14,128,'2018-10-12 17:48:07.335601','2018-11-01 15:22:11.024956');
INSERT INTO "instrument_tunes" VALUES(340,14,129,'2018-10-12 17:48:07.350600','2018-11-01 15:22:11.045753');
INSERT INTO "instrument_tunes" VALUES(341,14,130,'2018-10-12 17:48:07.366592','2018-11-01 15:22:11.064868');
INSERT INTO "instrument_tunes" VALUES(342,14,131,'2018-10-12 17:48:07.383384','2018-11-01 15:22:11.085245');
INSERT INTO "instrument_tunes" VALUES(343,14,132,'2018-10-12 17:48:07.397885','2018-11-01 15:22:11.104799');
INSERT INTO "instrument_tunes" VALUES(344,14,133,'2018-10-12 17:48:07.411708','2018-11-01 15:22:11.124421');
INSERT INTO "instrument_tunes" VALUES(345,14,135,'2018-10-12 17:48:07.423954','2018-11-01 15:22:11.142833');
INSERT INTO "instrument_tunes" VALUES(346,14,136,'2018-10-12 17:48:07.435823','2018-11-01 15:22:11.164005');
INSERT INTO "instrument_tunes" VALUES(347,14,137,'2018-10-12 17:48:07.448010','2018-11-01 15:22:11.183302');
INSERT INTO "instrument_tunes" VALUES(348,14,138,'2018-10-12 17:48:07.463140','2018-11-01 15:22:11.202453');
INSERT INTO "instrument_tunes" VALUES(349,14,139,'2018-10-12 17:48:07.478789','2018-11-01 15:22:11.221963');
INSERT INTO "instrument_tunes" VALUES(350,14,141,'2018-10-12 17:48:07.494794','2018-11-01 15:22:11.241437');
INSERT INTO "instrument_tunes" VALUES(351,14,142,'2018-10-12 17:48:07.511192','2018-11-01 15:22:11.261043');
INSERT INTO "instrument_tunes" VALUES(352,14,144,'2018-10-12 17:48:07.526335','2018-11-01 15:22:11.280339');
INSERT INTO "instrument_tunes" VALUES(353,14,145,'2018-10-12 17:48:07.542417','2018-11-01 15:22:11.300793');
INSERT INTO "instrument_tunes" VALUES(354,14,146,'2018-10-12 17:48:07.559254','2018-11-01 15:22:11.320660');
INSERT INTO "instrument_tunes" VALUES(355,14,147,'2018-10-12 17:48:07.574082','2018-11-01 15:22:11.337990');
INSERT INTO "instrument_tunes" VALUES(356,14,148,'2018-10-12 17:48:07.587719','2018-11-01 15:22:11.357329');
INSERT INTO "instrument_tunes" VALUES(357,14,149,'2018-10-12 17:48:07.603163','2018-11-01 15:22:11.378338');
INSERT INTO "instrument_tunes" VALUES(358,14,150,'2018-10-12 17:48:07.615980','2018-11-01 15:22:11.396431');
INSERT INTO "instrument_tunes" VALUES(359,14,151,'2018-10-12 17:48:07.639804','2018-11-01 15:22:11.414524');
INSERT INTO "instrument_tunes" VALUES(360,14,152,'2018-10-12 17:48:07.654778','2018-11-01 15:22:11.433398');
INSERT INTO "instrument_tunes" VALUES(361,14,153,'2018-10-12 17:48:07.672904','2018-11-01 15:22:11.452845');
INSERT INTO "instrument_tunes" VALUES(362,14,154,'2018-10-12 17:48:07.692162','2018-11-01 15:22:11.473243');
INSERT INTO "instrument_tunes" VALUES(363,14,155,'2018-10-12 17:48:07.707825','2018-11-01 15:22:11.493227');
INSERT INTO "instrument_tunes" VALUES(364,14,157,'2018-10-12 17:48:07.724006','2018-11-01 15:22:11.512276');
INSERT INTO "instrument_tunes" VALUES(365,14,158,'2018-10-12 17:48:07.739723','2018-11-01 15:22:11.531376');
INSERT INTO "instrument_tunes" VALUES(366,14,160,'2018-10-12 17:48:07.755146','2018-11-01 15:22:11.550054');
INSERT INTO "instrument_tunes" VALUES(367,14,161,'2018-10-12 17:48:07.770722','2018-11-01 15:22:11.566309');
INSERT INTO "instrument_tunes" VALUES(368,14,162,'2018-10-12 17:48:07.786302','2018-11-01 15:22:11.582126');
INSERT INTO "instrument_tunes" VALUES(369,14,163,'2018-10-12 17:48:07.800473','2018-11-01 15:22:11.600967');
INSERT INTO "instrument_tunes" VALUES(370,14,164,'2018-10-12 17:48:07.815210','2018-11-01 15:22:11.618996');
INSERT INTO "instrument_tunes" VALUES(371,14,165,'2018-10-12 17:48:07.828627','2018-11-01 15:22:11.638035');
INSERT INTO "instrument_tunes" VALUES(372,14,167,'2018-10-12 17:48:07.841665','2018-11-01 15:22:11.654391');
INSERT INTO "instrument_tunes" VALUES(373,14,168,'2018-10-12 17:48:07.855797','2018-11-01 15:22:11.670328');
INSERT INTO "instrument_tunes" VALUES(374,14,169,'2018-10-12 17:48:07.870608','2018-11-01 15:22:11.685396');
INSERT INTO "instrument_tunes" VALUES(375,14,171,'2018-10-12 17:48:07.886488','2018-11-01 15:22:11.704070');
INSERT INTO "instrument_tunes" VALUES(376,14,172,'2018-10-12 17:48:07.902290','2018-11-01 15:22:11.722806');
INSERT INTO "instrument_tunes" VALUES(377,14,173,'2018-10-12 17:48:07.919196','2018-11-01 15:22:11.740506');
INSERT INTO "instrument_tunes" VALUES(378,14,174,'2018-10-12 17:48:07.934914','2018-11-01 15:22:11.758330');
INSERT INTO "instrument_tunes" VALUES(379,14,176,'2018-10-12 17:48:07.950652','2018-11-01 15:22:11.776679');
INSERT INTO "instrument_tunes" VALUES(380,14,177,'2018-10-12 17:48:07.966770','2018-11-01 15:22:11.795941');
INSERT INTO "instrument_tunes" VALUES(381,14,178,'2018-10-12 17:48:07.980270','2018-11-01 15:22:11.814486');
INSERT INTO "instrument_tunes" VALUES(382,14,180,'2018-10-12 17:48:07.995560','2018-11-01 15:22:11.830333');
INSERT INTO "instrument_tunes" VALUES(383,14,181,'2018-10-12 17:48:08.007279','2018-11-01 15:22:11.846412');
INSERT INTO "instrument_tunes" VALUES(384,14,182,'2018-10-12 17:48:08.023159','2018-11-01 15:22:11.864902');
INSERT INTO "instrument_tunes" VALUES(385,14,183,'2018-10-12 17:48:08.035378','2018-11-01 15:22:11.882549');
INSERT INTO "instrument_tunes" VALUES(386,14,187,'2018-10-12 17:48:08.048432','2018-11-01 15:22:11.900532');
INSERT INTO "instrument_tunes" VALUES(387,14,188,'2018-10-12 17:48:08.059639','2018-11-01 15:22:11.918168');
INSERT INTO "instrument_tunes" VALUES(388,14,189,'2018-10-12 17:48:08.074159','2018-11-01 15:22:11.933986');
INSERT INTO "instrument_tunes" VALUES(389,14,190,'2018-10-12 17:48:08.090750','2018-11-01 15:22:11.950052');
INSERT INTO "instrument_tunes" VALUES(390,14,191,'2018-10-12 17:48:08.106333','2018-11-01 15:22:11.966261');
INSERT INTO "instrument_tunes" VALUES(391,14,192,'2018-10-12 17:48:08.120835','2018-11-01 15:22:11.982836');
INSERT INTO "instrument_tunes" VALUES(392,14,194,'2018-10-12 17:48:08.138318','2018-11-01 15:22:12.001794');
INSERT INTO "instrument_tunes" VALUES(393,14,195,'2018-10-12 17:48:08.154010','2018-11-01 15:22:12.025585');
INSERT INTO "instrument_tunes" VALUES(394,14,198,'2018-10-12 17:48:08.168470','2018-11-01 15:22:12.042008');
INSERT INTO "instrument_tunes" VALUES(395,14,199,'2018-10-12 17:48:08.183313','2018-11-01 15:22:12.057429');
INSERT INTO "instrument_tunes" VALUES(396,14,201,'2018-10-12 17:48:08.196596','2018-11-01 15:22:12.075743');
INSERT INTO "instrument_tunes" VALUES(397,14,202,'2018-10-12 17:48:08.211314','2018-11-01 15:22:12.092058');
INSERT INTO "instrument_tunes" VALUES(398,14,206,'2018-10-12 17:48:08.223220','2018-11-01 15:22:12.109231');
INSERT INTO "instrument_tunes" VALUES(399,14,207,'2018-10-12 17:48:08.238668','2018-11-01 15:22:12.127213');
INSERT INTO "instrument_tunes" VALUES(400,14,209,'2018-10-12 17:48:08.251255','2018-11-01 15:22:12.144983');
INSERT INTO "instrument_tunes" VALUES(401,14,212,'2018-10-12 17:48:08.263975','2018-11-01 15:22:12.162652');
INSERT INTO "instrument_tunes" VALUES(402,14,213,'2018-10-12 17:48:08.278824','2018-11-01 15:22:12.179876');
INSERT INTO "instrument_tunes" VALUES(403,14,215,'2018-10-12 17:48:08.292450','2018-11-01 15:22:12.197287');
INSERT INTO "instrument_tunes" VALUES(404,14,217,'2018-10-12 17:48:08.306572','2018-11-01 15:22:12.214330');
INSERT INTO "instrument_tunes" VALUES(405,14,219,'2018-10-12 17:48:08.322757','2018-11-01 15:22:12.228949');
INSERT INTO "instrument_tunes" VALUES(406,14,221,'2018-10-12 17:48:08.336247','2018-11-01 15:22:12.246183');
INSERT INTO "instrument_tunes" VALUES(407,14,222,'2018-10-12 17:48:08.351216','2018-11-01 15:22:12.263312');
INSERT INTO "instrument_tunes" VALUES(408,14,223,'2018-10-12 17:48:08.368624','2018-11-01 15:22:12.283486');
INSERT INTO "instrument_tunes" VALUES(409,14,225,'2018-10-12 17:48:08.384860','2018-11-01 15:22:12.303278');
INSERT INTO "instrument_tunes" VALUES(410,14,226,'2018-10-12 17:48:08.405885','2018-11-01 15:22:12.322059');
INSERT INTO "instrument_tunes" VALUES(411,14,227,'2018-10-12 17:48:08.426268','2018-11-01 15:22:12.339165');
INSERT INTO "instrument_tunes" VALUES(412,14,228,'2018-10-12 17:48:08.443211','2018-11-01 15:22:12.356227');
INSERT INTO "instrument_tunes" VALUES(413,14,229,'2018-10-12 17:48:08.460086','2018-11-01 15:22:12.374459');
INSERT INTO "instrument_tunes" VALUES(414,14,230,'2018-10-12 17:48:08.476522','2018-11-01 15:22:12.392982');
INSERT INTO "instrument_tunes" VALUES(415,14,231,'2018-10-12 17:48:08.494259','2018-11-01 15:22:12.414429');
INSERT INTO "instrument_tunes" VALUES(416,14,232,'2018-10-12 17:48:08.518328','2018-11-01 15:22:12.433896');
INSERT INTO "instrument_tunes" VALUES(417,14,233,'2018-10-12 17:48:08.535168','2018-11-01 15:22:12.453173');
INSERT INTO "instrument_tunes" VALUES(418,14,234,'2018-10-12 17:48:08.551382','2018-11-01 15:22:12.472953');
INSERT INTO "instrument_tunes" VALUES(419,14,235,'2018-10-12 17:48:08.568783','2018-11-01 15:22:12.492815');
INSERT INTO "instrument_tunes" VALUES(420,14,236,'2018-10-12 17:48:08.586279','2018-11-01 15:22:12.510341');
INSERT INTO "instrument_tunes" VALUES(421,14,239,'2018-10-12 17:48:08.599460','2018-11-01 15:22:12.525443');
INSERT INTO "instrument_tunes" VALUES(422,14,240,'2018-10-12 17:48:08.615026','2018-11-01 15:22:12.544244');
INSERT INTO "instrument_tunes" VALUES(423,14,241,'2018-10-12 17:48:08.631819','2018-11-01 15:22:12.562263');
INSERT INTO "instrument_tunes" VALUES(424,14,242,'2018-10-12 17:48:08.648480','2018-11-01 15:22:12.580670');
INSERT INTO "instrument_tunes" VALUES(425,14,243,'2018-10-12 17:48:08.667582','2018-11-01 15:22:12.600766');
INSERT INTO "instrument_tunes" VALUES(426,14,245,'2018-10-12 17:48:08.686049','2018-11-01 15:22:12.618113');
INSERT INTO "instrument_tunes" VALUES(427,14,246,'2018-10-12 17:48:08.702148','2018-11-01 15:22:12.637825');
INSERT INTO "instrument_tunes" VALUES(428,14,248,'2018-10-12 17:48:08.719701','2018-11-01 15:22:12.657223');
INSERT INTO "instrument_tunes" VALUES(429,14,249,'2018-10-12 17:48:08.737848','2018-11-01 15:22:12.676942');
INSERT INTO "instrument_tunes" VALUES(430,14,250,'2018-10-12 17:48:08.755220','2018-11-01 15:22:12.694473');
INSERT INTO "instrument_tunes" VALUES(431,14,251,'2018-10-12 17:48:08.772395','2018-11-01 15:22:12.713033');
INSERT INTO "instrument_tunes" VALUES(432,14,254,'2018-10-12 17:48:08.791548','2018-11-01 15:22:12.733955');
INSERT INTO "instrument_tunes" VALUES(433,14,255,'2018-10-12 17:48:08.807300','2018-11-01 15:22:12.753665');
INSERT INTO "instrument_tunes" VALUES(434,14,256,'2018-10-12 17:48:08.835602','2018-11-01 15:22:12.774399');
INSERT INTO "instrument_tunes" VALUES(435,14,257,'2018-10-12 17:48:08.852620','2018-11-01 15:22:12.793226');
INSERT INTO "instrument_tunes" VALUES(436,14,258,'2018-10-12 17:48:08.869979','2018-11-01 15:22:12.823517');
INSERT INTO "instrument_tunes" VALUES(437,14,259,'2018-10-12 17:48:08.887031','2018-11-01 15:22:12.842741');
INSERT INTO "instrument_tunes" VALUES(438,14,260,'2018-10-12 17:48:08.903518','2018-11-01 15:22:12.861231');
INSERT INTO "instrument_tunes" VALUES(439,14,261,'2018-10-12 17:48:08.920122','2018-11-01 15:22:12.881268');
INSERT INTO "instrument_tunes" VALUES(440,14,262,'2018-10-12 17:48:08.942368','2018-11-01 15:22:12.902370');
INSERT INTO "instrument_tunes" VALUES(441,14,264,'2018-10-12 17:48:08.958745','2018-11-01 15:22:12.920168');
INSERT INTO "instrument_tunes" VALUES(442,14,265,'2018-10-12 17:48:08.975779','2018-11-01 15:22:12.937302');
INSERT INTO "instrument_tunes" VALUES(443,14,266,'2018-10-12 17:48:08.993942','2018-11-01 15:22:12.954059');
INSERT INTO "instrument_tunes" VALUES(444,14,267,'2018-10-12 17:48:09.009905','2018-11-01 15:22:12.970415');
INSERT INTO "instrument_tunes" VALUES(445,14,268,'2018-10-12 17:48:09.024546','2018-11-01 15:22:12.986527');
INSERT INTO "instrument_tunes" VALUES(446,14,269,'2018-10-12 17:48:09.038489','2018-11-01 15:22:13.002232');
INSERT INTO "instrument_tunes" VALUES(447,14,270,'2018-10-12 17:48:09.054411','2018-11-01 15:22:13.018557');
INSERT INTO "instrument_tunes" VALUES(448,14,271,'2018-10-12 17:48:09.069742','2018-11-01 15:22:13.036747');
INSERT INTO "instrument_tunes" VALUES(449,14,272,'2018-10-12 17:48:09.084886','2018-11-01 15:22:13.053887');
INSERT INTO "instrument_tunes" VALUES(450,14,274,'2018-10-12 17:48:09.099861','2018-11-01 15:22:13.073414');
INSERT INTO "instrument_tunes" VALUES(451,14,277,'2018-10-12 17:48:09.115287','2018-11-01 15:22:13.090456');
INSERT INTO "instrument_tunes" VALUES(452,14,278,'2018-10-12 17:48:09.126930','2018-11-01 15:22:13.105294');
INSERT INTO "instrument_tunes" VALUES(453,14,279,'2018-10-12 17:48:09.139942','2018-11-01 15:22:13.121637');
INSERT INTO "instrument_tunes" VALUES(454,14,280,'2018-10-12 17:48:09.154484','2018-11-01 15:22:13.138124');
INSERT INTO "instrument_tunes" VALUES(455,14,282,'2018-10-12 17:48:09.171794','2018-11-01 15:22:13.154164');
INSERT INTO "instrument_tunes" VALUES(456,14,283,'2018-10-12 17:48:09.188173','2018-11-01 15:22:13.171118');
INSERT INTO "instrument_tunes" VALUES(457,14,284,'2018-10-12 17:48:09.221941','2018-11-01 15:22:13.188932');
INSERT INTO "instrument_tunes" VALUES(458,14,286,'2018-10-12 17:48:09.238349','2018-11-01 15:22:13.206299');
INSERT INTO "instrument_tunes" VALUES(459,14,292,'2018-10-12 17:48:09.251069','2018-11-01 15:22:13.224754');
INSERT INTO "instrument_tunes" VALUES(460,14,302,'2018-10-12 17:48:09.267611','2018-11-01 15:22:13.241960');
INSERT INTO "instrument_tunes" VALUES(461,20,2,'2018-10-12 17:48:09.332679','2018-11-01 15:22:13.262564');
INSERT INTO "instrument_tunes" VALUES(462,20,5,'2018-10-12 17:48:09.346397','2018-11-01 15:22:13.279959');
INSERT INTO "instrument_tunes" VALUES(463,20,13,'2018-10-12 17:48:09.362378','2018-11-01 15:22:13.297022');
INSERT INTO "instrument_tunes" VALUES(464,20,17,'2018-10-12 17:48:09.376313','2018-11-01 15:22:13.321337');
INSERT INTO "instrument_tunes" VALUES(465,20,22,'2018-10-12 17:48:09.390414','2018-11-01 15:22:13.340764');
INSERT INTO "instrument_tunes" VALUES(466,20,26,'2018-10-12 17:48:09.404265','2018-11-01 15:22:13.361004');
INSERT INTO "instrument_tunes" VALUES(467,20,280,'2018-10-12 17:48:09.418374','2018-11-01 15:22:13.381063');
INSERT INTO "instrument_tunes" VALUES(468,21,2,'2018-10-12 17:48:09.433769','2018-11-01 15:22:13.401308');
INSERT INTO "instrument_tunes" VALUES(469,21,5,'2018-10-12 17:48:09.447788','2018-11-01 15:22:13.420648');
INSERT INTO "instrument_tunes" VALUES(470,21,17,'2018-10-12 17:48:09.462040','2018-11-01 15:22:13.438894');
INSERT INTO "instrument_tunes" VALUES(471,21,22,'2018-10-12 17:48:09.475814','2018-11-01 15:22:13.456830');
INSERT INTO "instrument_tunes" VALUES(472,21,26,'2018-10-12 17:48:09.488527','2018-11-01 15:22:13.473973');
INSERT INTO "instrument_tunes" VALUES(473,21,45,'2018-10-12 17:48:09.503125','2018-11-01 15:22:13.491853');
INSERT INTO "instrument_tunes" VALUES(474,21,234,'2018-10-12 17:48:09.519258','2018-11-01 15:22:13.509739');
INSERT INTO "instrument_tunes" VALUES(475,21,280,'2018-10-12 17:48:09.532450','2018-11-01 15:22:13.528253');
INSERT INTO "instrument_tunes" VALUES(476,23,2,'2018-10-12 17:48:09.551130','2018-11-01 15:22:13.545318');
INSERT INTO "instrument_tunes" VALUES(477,23,5,'2018-10-12 17:48:09.566827','2018-11-01 15:22:13.564093');
INSERT INTO "instrument_tunes" VALUES(478,23,7,'2018-10-12 17:48:09.582353','2018-11-01 15:22:13.582264');
INSERT INTO "instrument_tunes" VALUES(479,23,8,'2018-10-12 17:48:09.596721','2018-11-01 15:22:13.600214');
INSERT INTO "instrument_tunes" VALUES(480,23,11,'2018-10-12 17:48:09.611702','2018-11-01 15:22:13.618707');
INSERT INTO "instrument_tunes" VALUES(481,23,13,'2018-10-12 17:48:09.624264','2018-11-01 15:22:13.637290');
INSERT INTO "instrument_tunes" VALUES(482,23,15,'2018-10-12 17:48:09.638676','2018-11-01 15:22:13.656988');
INSERT INTO "instrument_tunes" VALUES(483,23,16,'2018-10-12 17:48:09.654079','2018-11-01 15:22:13.675716');
INSERT INTO "instrument_tunes" VALUES(484,23,17,'2018-10-12 17:48:09.667500','2018-11-01 15:22:13.693108');
INSERT INTO "instrument_tunes" VALUES(485,23,18,'2018-10-12 17:48:09.682570','2018-11-01 15:22:13.710701');
INSERT INTO "instrument_tunes" VALUES(486,23,19,'2018-10-12 17:48:09.695287','2018-11-01 15:22:13.728656');
INSERT INTO "instrument_tunes" VALUES(487,23,22,'2018-10-12 17:48:09.709953','2018-11-01 15:22:13.745741');
INSERT INTO "instrument_tunes" VALUES(488,23,26,'2018-10-12 17:48:09.725638','2018-11-01 15:22:13.765192');
INSERT INTO "instrument_tunes" VALUES(489,23,31,'2018-10-12 17:48:09.739268','2018-11-01 15:22:13.784862');
INSERT INTO "instrument_tunes" VALUES(490,23,33,'2018-10-12 17:48:09.754258','2018-11-01 15:22:13.803967');
INSERT INTO "instrument_tunes" VALUES(491,23,34,'2018-10-12 17:48:09.767818','2018-11-01 15:22:13.821446');
INSERT INTO "instrument_tunes" VALUES(492,23,37,'2018-10-12 17:48:09.779275','2018-11-01 15:22:13.840744');
INSERT INTO "instrument_tunes" VALUES(493,23,42,'2018-10-12 17:48:09.792220','2018-11-01 15:22:13.858584');
INSERT INTO "instrument_tunes" VALUES(494,23,43,'2018-10-12 17:48:09.803708','2018-11-01 15:22:13.873422');
INSERT INTO "instrument_tunes" VALUES(495,23,44,'2018-10-12 17:48:09.817949','2018-11-01 15:22:13.893936');
INSERT INTO "instrument_tunes" VALUES(496,23,49,'2018-10-12 17:48:09.834373','2018-11-01 15:22:13.912370');
INSERT INTO "instrument_tunes" VALUES(497,23,50,'2018-10-12 17:48:09.851658','2018-11-01 15:22:13.929663');
INSERT INTO "instrument_tunes" VALUES(498,23,52,'2018-10-12 17:48:09.866422','2018-11-01 15:22:13.949247');
INSERT INTO "instrument_tunes" VALUES(499,23,54,'2018-10-12 17:48:09.880645','2018-11-01 15:22:13.968859');
INSERT INTO "instrument_tunes" VALUES(500,23,55,'2018-10-12 17:48:09.895496','2018-11-01 15:22:13.989104');
INSERT INTO "instrument_tunes" VALUES(501,23,56,'2018-10-12 17:48:09.908155','2018-11-01 15:22:14.007821');
INSERT INTO "instrument_tunes" VALUES(502,23,65,'2018-10-12 17:48:09.924079','2018-11-01 15:22:14.025384');
INSERT INTO "instrument_tunes" VALUES(503,23,66,'2018-10-12 17:48:09.935686','2018-11-01 15:22:14.044591');
INSERT INTO "instrument_tunes" VALUES(504,23,70,'2018-10-12 17:48:09.948641','2018-11-01 15:22:14.062587');
INSERT INTO "instrument_tunes" VALUES(505,23,73,'2018-10-12 17:48:09.964101','2018-11-01 15:22:14.078294');
INSERT INTO "instrument_tunes" VALUES(506,23,77,'2018-10-12 17:48:09.979024','2018-11-01 15:22:14.095142');
INSERT INTO "instrument_tunes" VALUES(507,23,82,'2018-10-12 17:48:09.992480','2018-11-01 15:22:14.113410');
INSERT INTO "instrument_tunes" VALUES(508,23,83,'2018-10-12 17:48:10.007856','2018-11-01 15:22:14.132659');
INSERT INTO "instrument_tunes" VALUES(509,23,86,'2018-10-12 17:48:10.022249','2018-11-01 15:22:14.149968');
INSERT INTO "instrument_tunes" VALUES(510,23,88,'2018-10-12 17:48:10.036136','2018-11-01 15:22:14.166312');
INSERT INTO "instrument_tunes" VALUES(511,23,93,'2018-10-12 17:48:10.052139','2018-11-01 15:22:14.180982');
INSERT INTO "instrument_tunes" VALUES(512,23,98,'2018-10-12 17:48:10.072023','2018-11-01 15:22:14.197904');
INSERT INTO "instrument_tunes" VALUES(513,23,101,'2018-10-12 17:48:10.083926','2018-11-01 15:22:14.216595');
INSERT INTO "instrument_tunes" VALUES(514,23,107,'2018-10-12 17:48:10.099519','2018-11-01 15:22:14.233633');
INSERT INTO "instrument_tunes" VALUES(515,23,108,'2018-10-12 17:48:10.115079','2018-11-01 15:22:14.253148');
INSERT INTO "instrument_tunes" VALUES(516,23,113,'2018-10-12 17:48:10.130614','2018-11-01 15:22:14.272402');
INSERT INTO "instrument_tunes" VALUES(517,23,114,'2018-10-12 17:48:10.146812','2018-11-01 15:22:14.290465');
INSERT INTO "instrument_tunes" VALUES(518,23,116,'2018-10-12 17:48:10.163910','2018-11-01 15:22:14.308581');
INSERT INTO "instrument_tunes" VALUES(519,23,117,'2018-10-12 17:48:10.175963','2018-11-01 15:22:14.328834');
INSERT INTO "instrument_tunes" VALUES(520,23,131,'2018-10-12 17:48:10.187207','2018-11-01 15:22:14.348839');
INSERT INTO "instrument_tunes" VALUES(521,23,132,'2018-10-12 17:48:10.200288','2018-11-01 15:22:14.367628');
INSERT INTO "instrument_tunes" VALUES(522,23,134,'2018-10-12 17:48:10.211755','2018-11-01 15:22:14.386085');
INSERT INTO "instrument_tunes" VALUES(523,23,136,'2018-10-12 17:48:10.223198','2018-11-01 15:22:14.401990');
INSERT INTO "instrument_tunes" VALUES(524,23,145,'2018-10-12 17:48:10.239274','2018-11-01 15:22:14.417390');
INSERT INTO "instrument_tunes" VALUES(525,23,150,'2018-10-12 17:48:10.252773','2018-11-01 15:22:14.436064');
INSERT INTO "instrument_tunes" VALUES(526,23,151,'2018-10-12 17:48:10.267334','2018-11-01 15:22:14.465269');
INSERT INTO "instrument_tunes" VALUES(527,23,155,'2018-10-12 17:48:10.280301','2018-11-01 15:22:14.485085');
INSERT INTO "instrument_tunes" VALUES(528,23,161,'2018-10-12 17:48:10.294449','2018-11-01 15:22:14.500948');
INSERT INTO "instrument_tunes" VALUES(529,23,165,'2018-10-12 17:48:10.310253','2018-11-01 15:22:14.517401');
INSERT INTO "instrument_tunes" VALUES(530,23,169,'2018-10-12 17:48:10.326568','2018-11-01 15:22:14.536666');
INSERT INTO "instrument_tunes" VALUES(531,23,172,'2018-10-12 17:48:10.342293','2018-11-01 15:22:14.553216');
INSERT INTO "instrument_tunes" VALUES(532,23,175,'2018-10-12 17:48:10.355634','2018-11-01 15:22:14.570245');
INSERT INTO "instrument_tunes" VALUES(533,23,180,'2018-10-12 17:48:10.370780','2018-11-01 15:22:14.586127');
INSERT INTO "instrument_tunes" VALUES(534,23,190,'2018-10-12 17:48:10.387145','2018-11-01 15:22:14.601218');
INSERT INTO "instrument_tunes" VALUES(535,23,192,'2018-10-12 17:48:10.403338','2018-11-01 15:22:14.617860');
INSERT INTO "instrument_tunes" VALUES(536,23,201,'2018-10-12 17:48:10.416380','2018-11-01 15:22:14.634502');
INSERT INTO "instrument_tunes" VALUES(537,23,206,'2018-10-12 17:48:10.430255','2018-11-01 15:22:14.650959');
INSERT INTO "instrument_tunes" VALUES(538,23,215,'2018-10-12 17:48:10.445835','2018-11-01 15:22:14.667327');
INSERT INTO "instrument_tunes" VALUES(539,23,218,'2018-10-12 17:48:10.460125','2018-11-01 15:22:14.685311');
INSERT INTO "instrument_tunes" VALUES(540,23,219,'2018-10-12 17:48:10.474359','2018-11-01 15:22:14.702122');
INSERT INTO "instrument_tunes" VALUES(541,23,221,'2018-10-12 17:48:10.490157','2018-11-01 15:22:14.718073');
INSERT INTO "instrument_tunes" VALUES(542,23,222,'2018-10-12 17:48:10.506417','2018-11-01 15:22:14.736691');
INSERT INTO "instrument_tunes" VALUES(543,23,229,'2018-10-12 17:48:10.522095','2018-11-01 15:22:14.753885');
INSERT INTO "instrument_tunes" VALUES(544,23,230,'2018-10-12 17:48:10.536171','2018-11-01 15:22:14.772226');
INSERT INTO "instrument_tunes" VALUES(545,23,234,'2018-10-12 17:48:10.550421','2018-11-01 15:22:14.788962');
INSERT INTO "instrument_tunes" VALUES(546,23,235,'2018-10-12 17:48:10.566773','2018-11-01 15:22:14.804928');
INSERT INTO "instrument_tunes" VALUES(547,23,237,'2018-10-12 17:48:10.582578','2018-11-01 15:22:14.821211');
INSERT INTO "instrument_tunes" VALUES(548,23,241,'2018-10-12 17:48:10.598654','2018-11-01 15:22:14.838333');
INSERT INTO "instrument_tunes" VALUES(549,23,243,'2018-10-12 17:48:10.613835','2018-11-01 15:22:14.854648');
INSERT INTO "instrument_tunes" VALUES(550,23,249,'2018-10-12 17:48:10.627987','2018-11-01 15:22:14.869409');
INSERT INTO "instrument_tunes" VALUES(551,23,250,'2018-10-12 17:48:10.642449','2018-11-01 15:22:14.888891');
INSERT INTO "instrument_tunes" VALUES(552,23,251,'2018-10-12 17:48:10.656206','2018-11-01 15:22:14.909880');
INSERT INTO "instrument_tunes" VALUES(553,23,254,'2018-10-12 17:48:10.667806','2018-11-01 15:22:14.929847');
INSERT INTO "instrument_tunes" VALUES(554,23,255,'2018-10-12 17:48:10.684354','2018-11-01 15:22:14.948970');
INSERT INTO "instrument_tunes" VALUES(555,23,261,'2018-10-12 17:48:10.698590','2018-11-01 15:22:14.967045');
INSERT INTO "instrument_tunes" VALUES(556,23,262,'2018-10-12 17:48:10.714586','2018-11-01 15:22:14.985749');
INSERT INTO "instrument_tunes" VALUES(557,23,264,'2018-10-12 17:48:10.731063','2018-11-01 15:22:15.004887');
INSERT INTO "instrument_tunes" VALUES(558,23,267,'2018-10-12 17:48:10.748773','2018-11-01 15:22:15.024347');
INSERT INTO "instrument_tunes" VALUES(559,23,269,'2018-10-12 17:48:10.764614','2018-11-01 15:22:15.042279');
INSERT INTO "instrument_tunes" VALUES(560,23,278,'2018-10-12 17:48:10.778470','2018-11-01 15:22:15.057917');
INSERT INTO "instrument_tunes" VALUES(561,23,280,'2018-10-12 17:48:10.791267','2018-11-01 15:22:15.085619');
INSERT INTO "instrument_tunes" VALUES(562,23,282,'2018-10-12 17:48:10.813821','2018-11-01 15:22:15.104089');
INSERT INTO "instrument_tunes" VALUES(563,12,266,'2018-10-12 17:48:05.697563','2018-11-01 15:22:15.125466');
INSERT INTO "instrument_tunes" VALUES(564,19,266,'2018-10-12 17:48:09.301304','2018-11-01 15:22:15.148166');
INSERT INTO "instrument_tunes" VALUES(565,19,289,'2018-10-12 17:48:09.315326','2018-11-01 15:22:15.166668');
INSERT INTO "instrument_tunes" VALUES(566,9,302,'2018-10-12 17:48:05.634152','2018-11-01 15:22:15.183729');
INSERT INTO "instrument_tunes" VALUES(567,11,302,'2018-10-12 17:48:05.683381','2018-11-01 15:22:15.201518');
INSERT INTO "instrument_tunes" VALUES(574,11,301,'2018-10-18 13:42:30.200278','2018-11-01 15:22:15.297654');
INSERT INTO "instrument_tunes" VALUES(575,12,301,'2018-10-18 13:42:30.215532','2018-11-01 15:22:15.316650');
INSERT INTO "instrument_tunes" VALUES(576,11,204,'2018-10-25 14:32:03.588686','2018-11-01 15:22:15.335006');
INSERT INTO "instrument_tunes" VALUES(577,24,297,'2018-10-25 16:36:48.405155','2018-11-01 15:22:15.356267');
INSERT INTO "instrument_tunes" VALUES(578,19,301,'2018-11-01 15:46:57.427388','2018-11-01 15:46:57.427388');
INSERT INTO "instrument_tunes" VALUES(579,24,301,'2018-11-01 15:46:57.465251','2018-11-01 15:46:57.465251');
INSERT INTO "instrument_tunes" VALUES(580,11,299,'2018-11-01 15:47:32.821520','2018-11-01 15:47:32.821520');
INSERT INTO "instrument_tunes" VALUES(581,12,299,'2018-11-01 15:47:32.839703','2018-11-01 15:47:32.839703');
INSERT INTO "instrument_tunes" VALUES(582,9,301,'2018-11-01 18:18:54.838008','2018-11-01 18:18:54.838008');
INSERT INTO "instrument_tunes" VALUES(588,9,298,'2018-11-01 20:36:57.825166','2018-11-01 20:36:57.825166');
INSERT INTO "instrument_tunes" VALUES(589,11,298,'2018-11-01 20:36:57.841849','2018-11-01 20:36:57.841849');
INSERT INTO "instrument_tunes" VALUES(590,12,298,'2018-11-01 20:36:57.856617','2018-11-01 20:36:57.856617');
INSERT INTO "instrument_tunes" VALUES(591,13,298,'2018-11-01 20:36:57.874869','2018-11-01 20:36:57.874869');
INSERT INTO "instrument_tunes" VALUES(592,9,304,'2018-11-15 21:15:00.251019','2018-11-15 21:15:00.251019');
INSERT INTO "instrument_tunes" VALUES(594,13,290,'2018-11-27 19:54:20.554181','2018-11-27 19:54:20.554181');
INSERT INTO "instrument_tunes" VALUES(595,19,290,'2018-11-27 19:54:20.581286','2018-11-27 19:54:20.581286');
INSERT INTO "instrument_tunes" VALUES(596,12,267,'2018-11-28 16:19:03.467164','2018-11-28 16:19:03.467164');
INSERT INTO "instrument_tunes" VALUES(597,13,267,'2018-11-28 16:19:03.504427','2018-11-28 16:19:03.504427');
INSERT INTO "instrument_tunes" VALUES(598,12,270,'2018-11-28 18:06:01.147972','2018-11-28 18:06:01.147972');
INSERT INTO "instrument_tunes" VALUES(599,13,270,'2018-11-28 18:06:01.183625','2018-11-28 18:06:01.183625');
INSERT INTO "instrument_tunes" VALUES(600,11,252,'2018-11-28 18:09:43.219389','2018-11-28 18:09:43.219389');
INSERT INTO "instrument_tunes" VALUES(601,12,252,'2018-11-28 18:09:43.382062','2018-11-28 18:09:43.382062');
INSERT INTO "instrument_tunes" VALUES(610,13,231,'2018-11-28 20:18:05.671408','2018-11-28 20:18:05.671408');
INSERT INTO "instrument_tunes" VALUES(614,12,231,'2018-11-28 20:23:08.136946','2018-11-28 20:23:08.136946');
INSERT INTO "instrument_tunes" VALUES(615,19,304,'2018-11-29 01:24:28.337310','2018-11-29 01:24:28.337310');
INSERT INTO "instrument_tunes" VALUES(616,10,304,'2018-11-29 01:25:16.588180','2018-11-29 01:25:16.588180');
CREATE TABLE "user_starred_tunes" ("id" INTEGER PRIMARY KEY AUTOINCREMENT NOT NULL, "user_id" integer NOT NULL, "tune_id" integer NOT NULL, "goal" varchar, "created_at" datetime NOT NULL, "updated_at" datetime NOT NULL);
DELETE FROM sqlite_sequence;
INSERT INTO "sqlite_sequence" VALUES('users',8);
INSERT INTO "sqlite_sequence" VALUES('articles',18);
INSERT INTO "sqlite_sequence" VALUES('genres',5);
INSERT INTO "sqlite_sequence" VALUES('article_genres',20);
INSERT INTO "sqlite_sequence" VALUES('tunes',304);
INSERT INTO "sqlite_sequence" VALUES('tune_genres',59);
INSERT INTO "sqlite_sequence" VALUES('jams',25);
INSERT INTO "sqlite_sequence" VALUES('jam_users',68);
INSERT INTO "sqlite_sequence" VALUES('sources',15);
INSERT INTO "sqlite_sequence" VALUES('lyrics',6);
INSERT INTO "sqlite_sequence" VALUES('activities',39);
INSERT INTO "sqlite_sequence" VALUES('charts',20);
INSERT INTO "sqlite_sequence" VALUES('progressions',41);
INSERT INTO "sqlite_sequence" VALUES('measures',92);
INSERT INTO "sqlite_sequence" VALUES('comments',31);
INSERT INTO "sqlite_sequence" VALUES('repertoires',589);
INSERT INTO "sqlite_sequence" VALUES('instruments',24);
INSERT INTO "sqlite_sequence" VALUES('instrument_tunes',616);
CREATE UNIQUE INDEX "index_users_on_email" ON "users" ("email");
CREATE UNIQUE INDEX "index_users_on_reset_password_token" ON "users" ("reset_password_token");
CREATE UNIQUE INDEX "index_users_on_username" ON "users" ("username");
CREATE INDEX "index_sources_on_tune_id" ON "sources" ("tune_id");
CREATE INDEX "index_notes_on_tune_id" ON "notes" ("tune_id");
CREATE INDEX "index_lyrics_on_tune_id" ON "lyrics" ("tune_id");
CREATE INDEX "index_activities_on_trackable_id_and_trackable_type" ON "activities" ("trackable_id", "trackable_type");
CREATE INDEX "index_activities_on_owner_id_and_owner_type" ON "activities" ("owner_id", "owner_type");
CREATE INDEX "index_activities_on_recipient_id_and_recipient_type" ON "activities" ("recipient_id", "recipient_type");
CREATE INDEX "index_charts_on_tune_id" ON "charts" ("tune_id");
CREATE INDEX "index_progressions_on_chart_id" ON "progressions" ("chart_id");
CREATE INDEX "index_jams_tunes_on_jam_id" ON "jams_tunes" ("jam_id");
CREATE INDEX "index_jams_tunes_on_tune_id" ON "jams_tunes" ("tune_id");
CREATE INDEX "index_measures_on_progression_id" ON "measures" ("progression_id");
CREATE INDEX "index_comments_on_user_id" ON "comments" ("user_id");
CREATE INDEX "index_instruments_on_user_id" ON "instruments" ("user_id");
CREATE INDEX "index_instruments_on_repertoire_id" ON "instruments" ("repertoire_id");
CREATE INDEX "index_instrument_tunes_on_tune_id" ON "instrument_tunes" ("tune_id");
CREATE INDEX "index_instrument_tunes_on_instrument_id" ON "instrument_tunes" ("instrument_id");
CREATE INDEX "index_user_starred_tunes_on_user_id" ON "user_starred_tunes" ("user_id");
CREATE INDEX "index_user_starred_tunes_on_tune_id" ON "user_starred_tunes" ("tune_id");
COMMIT;
